title,revenue,budget,genres,imdbRating,BoxOffice
Toy Story,373554033.0,30000000,"Animation, Comedy, Family",8.3,"$229,947,062"
Toy Story,373554033.0,30000000,"Animation, Comedy, Family",8.3,"$229,947,062"
Toy Story,373554033.0,30000000,"Animation, Comedy, Family",8.3,"$229,947,062"
Jumanji,262797249.0,65000000,"Adventure, Fantasy, Family",7.1,"$100,499,940"
Jumanji,262797249.0,65000000,"Adventure, Fantasy, Family",7.1,"$100,499,940"
Jumanji,262797249.0,65000000,"Adventure, Fantasy, Family",7.1,"$100,499,940"
Grumpier Old Men,0.0,0,"Romance, Comedy",6.7,"$71,518,503"
Grumpier Old Men,0.0,0,"Romance, Comedy",6.7,"$71,518,503"
Waiting to Exhale,81452156.0,16000000,"Comedy, Drama, Romance",6.0,"$67,052,156"
Waiting to Exhale,81452156.0,16000000,"Comedy, Drama, Romance",6.0,"$67,052,156"
Waiting to Exhale,81452156.0,16000000,"Comedy, Drama, Romance",6.0,"$67,052,156"
Father of the Bride Part II,76578911.0,0,Comedy,6.1,"$76,594,107"
Father of the Bride Part II,76578911.0,0,Comedy,6.1,"$76,594,107"
Father of the Bride Part II,76578911.0,0,Comedy,6.1,"$76,594,107"
Heat,187436818.0,60000000,"Action, Crime, Drama, Thriller",8.3,"$67,436,818"
Heat,187436818.0,60000000,"Action, Crime, Drama, Thriller",8.3,"$67,436,818"
Heat,187436818.0,60000000,"Action, Crime, Drama, Thriller",8.3,"$67,436,818"
Sabrina,0.0,58000000,"Comedy, Romance",7.6,N/A
Sabrina,0.0,58000000,"Comedy, Romance",7.6,N/A
Sabrina,0.0,58000000,"Comedy, Romance",7.6,N/A
Sabrina,0.0,58000000,"Comedy, Romance",7.6,N/A
Sabrina,0.0,58000000,"Comedy, Romance",7.6,N/A
Sabrina,0.0,58000000,"Comedy, Romance",7.6,N/A
Tom and Huck,0.0,0,"Action, Adventure, Drama, Family",5.5,"$23,920,048"
Tom and Huck,0.0,0,"Action, Adventure, Drama, Family",5.5,"$23,920,048"
Tom and Huck,0.0,0,"Action, Adventure, Drama, Family",5.5,"$23,920,048"
Sudden Death,64350171.0,35000000,"Action, Adventure, Thriller",5.9,"$20,350,171"
Sudden Death,64350171.0,35000000,"Action, Adventure, Thriller",5.9,"$20,350,171"
Sudden Death,64350171.0,35000000,"Action, Adventure, Thriller",5.9,"$20,350,171"
GoldenEye,352194034.0,58000000,"Adventure, Action, Thriller",7.2,"$106,429,941"
GoldenEye,352194034.0,58000000,"Adventure, Action, Thriller",7.2,"$106,429,941"
GoldenEye,352194034.0,58000000,"Adventure, Action, Thriller",7.2,"$106,429,941"
The American President,107879496.0,62000000,"Comedy, Drama, Romance",6.8,"$60,079,496"
The American President,107879496.0,62000000,"Comedy, Drama, Romance",6.8,"$60,079,496"
The American President,107879496.0,62000000,"Comedy, Drama, Romance",6.8,"$60,079,496"
Dracula: Dead and Loving It,0.0,0,"Comedy, Horror",5.9,"$10,772,144"
Dracula: Dead and Loving It,0.0,0,"Comedy, Horror",5.9,"$10,772,144"
Dracula: Dead and Loving It,0.0,0,"Comedy, Horror",5.9,"$10,772,144"
Balto,11348324.0,0,"Family, Animation, Adventure",7.1,"$11,348,324"
Balto,11348324.0,0,"Family, Animation, Adventure",7.1,"$11,348,324"
Balto,11348324.0,0,"Family, Animation, Adventure",7.1,"$11,348,324"
Nixon,13681765.0,44000000,"History, Drama",7.0,"$13,681,765"
Nixon,13681765.0,44000000,"History, Drama",7.0,"$13,681,765"
Nixon,13681765.0,44000000,"History, Drama",7.0,"$13,681,765"
Cutthroat Island,10017322.0,98000000,"Action, Adventure",5.7,"$10,017,322"
Cutthroat Island,10017322.0,98000000,"Action, Adventure",5.7,"$10,017,322"
Cutthroat Island,10017322.0,98000000,"Action, Adventure",5.7,"$10,017,322"
Casino,116112375.0,52000000,"Drama, Crime",8.2,"$42,512,375"
Casino,116112375.0,52000000,"Drama, Crime",8.2,"$42,512,375"
Sense and Sensibility,135000000.0,16500000,"Drama, Romance",7.7,"$43,436,071"
Sense and Sensibility,135000000.0,16500000,"Drama, Romance",7.7,"$43,436,071"
Four Rooms,4300000.0,4000000,"Crime, Comedy",6.7,"$4,257,354"
Ace Ventura: When Nature Calls,212385533.0,30000000,"Crime, Comedy, Adventure",6.4,"$108,385,533"
Ace Ventura: When Nature Calls,212385533.0,30000000,"Crime, Comedy, Adventure",6.4,"$108,385,533"
Ace Ventura: When Nature Calls,212385533.0,30000000,"Crime, Comedy, Adventure",6.4,"$108,385,533"
Money Train,35431113.0,60000000,"Action, Comedy, Crime",5.7,"$35,431,113"
Money Train,35431113.0,60000000,"Action, Comedy, Crime",5.7,"$35,431,113"
Money Train,35431113.0,60000000,"Action, Comedy, Crime",5.7,"$35,431,113"
Get Shorty,115101622.0,30250000,"Comedy, Thriller, Crime",6.9,"$72,101,622"
Get Shorty,115101622.0,30250000,"Comedy, Thriller, Crime",6.9,"$72,101,622"
Get Shorty,115101622.0,30250000,"Comedy, Thriller, Crime",6.9,"$72,101,622"
Copycat,0.0,0,"Drama, Thriller",6.6,"$32,051,917"
Copycat,0.0,0,"Drama, Thriller",6.6,"$32,051,917"
Copycat,0.0,0,"Drama, Thriller",6.6,"$32,051,917"
Assassins,30303072.0,50000000,"Action, Adventure, Crime, Thriller",6.3,"$30,303,072"
Assassins,30303072.0,50000000,"Action, Adventure, Crime, Thriller",6.3,"$30,303,072"
Assassins,30303072.0,50000000,"Action, Adventure, Crime, Thriller",6.3,"$30,303,072"
Powder,0.0,0,"Drama, Fantasy, Science Fiction, Thriller",6.6,"$30,862,156"
Powder,0.0,0,"Drama, Fantasy, Science Fiction, Thriller",6.6,"$30,862,156"
Powder,0.0,0,"Drama, Fantasy, Science Fiction, Thriller",6.6,"$30,862,156"
Leaving Las Vegas,49800000.0,3600000,"Drama, Romance",7.5,"$32,029,928"
Leaving Las Vegas,49800000.0,3600000,"Drama, Romance",7.5,"$32,029,928"
Othello,0.0,0,Drama,6.8,"$2,844,379"
Othello,0.0,0,Drama,6.8,"$2,844,379"
Now and Then,27400000.0,12000000,"Comedy, Drama, Family",6.8,"$27,112,329"
Now and Then,27400000.0,12000000,"Comedy, Drama, Family",6.8,"$27,112,329"
Now and Then,27400000.0,12000000,"Comedy, Drama, Family",6.8,"$27,112,329"
Persuasion,0.0,0,"Drama, Romance",5.8,N/A
Persuasion,0.0,0,"Drama, Romance",5.8,N/A
The City of Lost Children,1738611.0,18000000,"Fantasy, Science Fiction, Adventure",7.4,"$1,738,611"
The City of Lost Children,1738611.0,18000000,"Fantasy, Science Fiction, Adventure",7.4,"$1,738,611"
The City of Lost Children,1738611.0,18000000,"Fantasy, Science Fiction, Adventure",7.4,"$1,738,611"
Shanghai Triad,0.0,0,"Drama, Crime",7.1,"$2,086,101"
Shanghai Triad,0.0,0,"Drama, Crime",7.1,"$2,086,101"
Shanghai Triad,0.0,0,"Drama, Crime",7.1,"$2,086,101"
Dangerous Minds,180000000.0,0,"Drama, Crime",6.5,"$84,919,401"
Dangerous Minds,180000000.0,0,"Drama, Crime",6.5,"$84,919,401"
Wings of Courage,0.0,0,"Romance, Adventure",6.4,"$15,054,636"
Wings of Courage,0.0,0,"Romance, Adventure",6.4,"$15,054,636"
Babe,254134910.0,30000000,"Fantasy, Drama, Comedy, Family",6.9,"$63,658,910"
Babe,254134910.0,30000000,"Fantasy, Drama, Comedy, Family",6.9,"$63,658,910"
Babe,254134910.0,30000000,"Fantasy, Drama, Comedy, Family",6.9,"$63,658,910"
Carrington,0.0,0,"History, Drama, Romance",6.8,"$3,242,342"
Carrington,0.0,0,"History, Drama, Romance",6.8,"$3,242,342"
Carrington,0.0,0,"History, Drama, Romance",6.8,"$3,242,342"
Dead Man Walking,39363635.0,11000000,Drama,7.5,"$39,363,635"
Dead Man Walking,39363635.0,11000000,Drama,7.5,"$39,363,635"
Across the Sea of Time,0.0,0,"Adventure, History, Drama, Family",6.4,"$16,015,639"
Across the Sea of Time,0.0,0,"Adventure, History, Drama, Family",6.4,"$16,015,639"
Across the Sea of Time,0.0,0,"Adventure, History, Drama, Family",6.4,"$16,015,639"
It Takes Two,0.0,0,"Comedy, Family, Romance",6.0,"$19,474,589"
It Takes Two,0.0,0,"Comedy, Family, Romance",6.0,"$19,474,589"
It Takes Two,0.0,0,"Comedy, Family, Romance",6.0,"$19,474,589"
Clueless,0.0,12000000,"Comedy, Drama, Romance",6.9,"$56,631,572"
Clueless,0.0,12000000,"Comedy, Drama, Romance",6.9,"$56,631,572"
"Cry, the Beloved Country",676525.0,0,Drama,6.8,"$670,727"
"Cry, the Beloved Country",676525.0,0,Drama,6.8,"$670,727"
Richard III,0.0,0,"Drama, War",7.3,"$2,684,904"
Richard III,0.0,0,"Drama, War",7.3,"$2,684,904"
Richard III,0.0,0,"Drama, War",7.3,"$2,684,904"
Dead Presidents,0.0,10000000,"Action, Crime, Drama, History",6.9,"$24,147,179"
Dead Presidents,0.0,10000000,"Action, Crime, Drama, History",6.9,"$24,147,179"
Dead Presidents,0.0,10000000,"Action, Crime, Drama, History",6.9,"$24,147,179"
Restoration,0.0,19000000,"Drama, Romance",6.6,"$4,005,941"
Restoration,0.0,19000000,"Drama, Romance",6.6,"$4,005,941"
Restoration,0.0,19000000,"Drama, Romance",6.6,"$4,005,941"
Mortal Kombat,122195920.0,18000000,"Action, Fantasy",6.1,"$42,326,031"
Mortal Kombat,122195920.0,18000000,"Action, Fantasy",6.1,"$42,326,031"
Mortal Kombat,122195920.0,18000000,"Action, Fantasy",6.1,"$42,326,031"
To Die For,21284514.0,20000000,"Fantasy, Drama, Comedy, Thriller",6.8,"$21,284,514"
To Die For,21284514.0,20000000,"Fantasy, Drama, Comedy, Thriller",6.8,"$21,284,514"
To Die For,21284514.0,20000000,"Fantasy, Drama, Comedy, Thriller",6.8,"$21,284,514"
Se7en,327311859.0,33000000,"Crime, Mystery, Thriller",8.6,"$101,871,174"
Se7en,327311859.0,33000000,"Crime, Mystery, Thriller",8.6,"$101,871,174"
Se7en,327311859.0,33000000,"Crime, Mystery, Thriller",8.6,"$101,871,174"
Pocahontas,346079773.0,55000000,"Adventure, Animation, Drama, Family",6.7,"$141,579,773"
Pocahontas,346079773.0,55000000,"Adventure, Animation, Drama, Family",6.7,"$141,579,773"
Pocahontas,346079773.0,55000000,"Adventure, Animation, Drama, Family",6.7,"$141,579,773"
When Night Is Falling,0.0,0,"Drama, Romance",6.5,"$919,671"
When Night Is Falling,0.0,0,"Drama, Romance",6.5,"$919,671"
The Usual Suspects,23341568.0,6000000,"Drama, Crime, Thriller",8.5,"$23,341,568"
The Usual Suspects,23341568.0,6000000,"Drama, Crime, Thriller",8.5,"$23,341,568"
The Usual Suspects,23341568.0,6000000,"Drama, Crime, Thriller",8.5,"$23,341,568"
Guardian Angel,0.0,0,"Action, Thriller, Drama",N/A,N/A
Mighty Aphrodite,6700000.0,15000000,"Comedy, Romance",7.0,"$6,468,498"
Mighty Aphrodite,6700000.0,15000000,"Comedy, Romance",7.0,"$6,468,498"
Mighty Aphrodite,6700000.0,15000000,"Comedy, Romance",7.0,"$6,468,498"
Lamerica,0.0,0,"Drama, Foreign",7.4,"$438,483"
Lamerica,0.0,0,"Drama, Foreign",7.4,"$438,483"
The Big Green,0.0,0,"Action, Adventure, Comedy, Family",5.5,"$17,736,619"
The Big Green,0.0,0,"Action, Adventure, Comedy, Family",5.5,"$17,736,619"
The Big Green,0.0,0,"Action, Adventure, Comedy, Family",5.5,"$17,736,619"
Georgia,0.0,0,Drama,6.5,"$1,110,104"
Georgia,0.0,0,Drama,6.5,"$1,110,104"
Kids of the Round Table,0.0,0,,5.1,N/A
Kids of the Round Table,0.0,0,,5.1,N/A
Kids of the Round Table,0.0,0,,5.1,N/A
Home for the Holidays,17519169.0,0,"Comedy, Drama, Romance",6.6,"$17,519,169"
Home for the Holidays,17519169.0,0,"Comedy, Drama, Romance",6.6,"$17,519,169"
Home for the Holidays,17519169.0,0,"Comedy, Drama, Romance",6.6,"$17,519,169"
The Postman,0.0,0,"Comedy, Drama, Romance",6.1,"$17,626,234"
The Postman,0.0,0,"Comedy, Drama, Romance",6.1,"$17,626,234"
The Postman,0.0,0,"Comedy, Drama, Romance",6.1,"$17,626,234"
The Confessional,0.0,0,"Thriller, Drama, Mystery",7.4,"$575,001"
The Confessional,0.0,0,"Thriller, Drama, Mystery",7.4,"$575,001"
The Confessional,0.0,0,"Thriller, Drama, Mystery",7.4,"$575,001"
The Indian in the Cupboard,0.0,45000000,"Adventure, Family, Fantasy",6.0,"$35,656,131"
The Indian in the Cupboard,0.0,45000000,"Adventure, Family, Fantasy",6.0,"$35,656,131"
The Indian in the Cupboard,0.0,45000000,"Adventure, Family, Fantasy",6.0,"$35,656,131"
Eye for an Eye,0.0,20000000,"Drama, Thriller",6.2,"$26,877,589"
Eye for an Eye,0.0,20000000,"Drama, Thriller",6.2,"$26,877,589"
Eye for an Eye,0.0,20000000,"Drama, Thriller",6.2,"$26,877,589"
Mr. Holland's Opus,106269971.0,0,"Music, Drama, Family",7.3,"$82,569,971"
Mr. Holland's Opus,106269971.0,0,"Music, Drama, Family",7.3,"$82,569,971"
Don't Be a Menace to South Central While Drinking Your Juice in the Hood,0.0,0,Comedy,6.5,"$20,109,115"
Don't Be a Menace to South Central While Drinking Your Juice in the Hood,0.0,0,Comedy,6.5,"$20,109,115"
Two If by Sea,0.0,0,"Comedy, Romance",5.3,"$10,658,278"
Two If by Sea,0.0,0,"Comedy, Romance",5.3,"$10,658,278"
Two If by Sea,0.0,0,"Comedy, Romance",5.3,"$10,658,278"
Bio-Dome,0.0,15000000,Comedy,4.4,"$13,427,615"
Lawnmower Man 2: Beyond Cyberspace,2409225.0,0,"Action, Science Fiction",2.6,"$2,409,225"
Lawnmower Man 2: Beyond Cyberspace,2409225.0,0,"Action, Science Fiction",2.6,"$2,409,225"
Lawnmower Man 2: Beyond Cyberspace,2409225.0,0,"Action, Science Fiction",2.6,"$2,409,225"
Two Bits,0.0,0,"Drama, Family",6.1,"$26,282"
Two Bits,0.0,0,"Drama, Family",6.1,"$26,282"
French Twist,0.0,0,"Comedy, Romance",6.4,"$1,026,646"
French Twist,0.0,0,"Comedy, Romance",6.4,"$1,026,646"
French Twist,0.0,0,"Comedy, Romance",6.4,"$1,026,646"
Friday,28215918.0,3500000,Comedy,7.2,"$27,467,564"
Friday,28215918.0,3500000,Comedy,7.2,"$27,467,564"
From Dusk Till Dawn,25836616.0,19000000,"Horror, Action, Thriller, Crime",7.2,"$25,836,616"
From Dusk Till Dawn,25836616.0,19000000,"Horror, Action, Thriller, Crime",7.2,"$25,836,616"
From Dusk Till Dawn,25836616.0,19000000,"Horror, Action, Thriller, Crime",7.2,"$25,836,616"
Fair Game,11534477.0,50000000,"Action, Thriller, Romance",6.8,"$9,540,691"
Fair Game,11534477.0,50000000,"Action, Thriller, Romance",6.8,"$9,540,691"
Fair Game,11534477.0,50000000,"Action, Thriller, Romance",6.8,"$9,540,691"
Kicking and Screaming,718490.0,0,"Comedy, Drama, Romance",6.6,"$718,490"
Kicking and Screaming,718490.0,0,"Comedy, Drama, Romance",6.6,"$718,490"
Kicking and Screaming,718490.0,0,"Comedy, Drama, Romance",6.6,"$718,490"
Les Miserables,0.0,0,"Drama, History",7.3,N/A
Les Miserables,0.0,0,"Drama, History",7.3,N/A
Bed of Roses,19030691.0,0,"Drama, Romance",6.1,"$19,030,691"
Bed of Roses,19030691.0,0,"Drama, Romance",6.1,"$19,030,691"
Big Bully,2042530.0,15000000,"Comedy, Family",4.8,"$2,042,530"
Big Bully,2042530.0,15000000,"Comedy, Family",4.8,"$2,042,530"
Screamers,5781885.0,20000000,"Horror, Science Fiction",6.3,"$5,711,695"
Screamers,5781885.0,20000000,"Horror, Science Fiction",6.3,"$5,711,695"
Screamers,5781885.0,20000000,"Horror, Science Fiction",6.3,"$5,711,695"
Nico Icon,0.0,0,Documentary,7.2,"$306,691"
Nico Icon,0.0,0,Documentary,7.2,"$306,691"
Nico Icon,0.0,0,Documentary,7.2,"$306,691"
The Crossing Guard,0.0,0,"Drama, Thriller",6.3,"$868,979"
The Crossing Guard,0.0,0,"Drama, Thriller",6.3,"$868,979"
The Juror,0.0,44000000,"Drama, Thriller",5.7,"$22,754,725"
The Juror,0.0,44000000,"Drama, Thriller",5.7,"$22,754,725"
The Juror,0.0,44000000,"Drama, Thriller",5.7,"$22,754,725"
The White Balloon,0.0,0,"Family, Drama",7.6,"$924,940"
The White Balloon,0.0,0,"Family, Drama",7.6,"$924,940"
Things to Do in Denver When You're Dead,529766.0,8000000,"Drama, Crime",6.7,"$529,766"
Things to Do in Denver When You're Dead,529766.0,8000000,"Drama, Crime",6.7,"$529,766"
Things to Do in Denver When You're Dead,529766.0,8000000,"Drama, Crime",6.7,"$529,766"
Antonia's Line,0.0,900000,"Drama, Comedy",7.4,"$4,228,275"
Antonia's Line,0.0,900000,"Drama, Comedy",7.4,"$4,228,275"
Once Upon a Time... When We Were Colored,0.0,0,"Romance, Drama",7.4,"$2,291,255"
Once Upon a Time... When We Were Colored,0.0,0,"Romance, Drama",7.4,"$2,291,255"
Last Summer in the Hamptons,0.0,0,,5.8,"$801,984"
Last Summer in the Hamptons,0.0,0,,5.8,"$801,984"
Angels and Insects,0.0,0,"Drama, Romance",6.8,"$3,414,301"
Angels and Insects,0.0,0,"Drama, Romance",6.8,"$3,414,301"
White Squall,10300000.0,38000000,"Action, Drama",6.6,"$10,292,300"
White Squall,10300000.0,38000000,"Action, Drama",6.6,"$10,292,300"
Dunston Checks In,0.0,16000000,"Adventure, Comedy, Family",5.4,"$9,871,065"
Dunston Checks In,0.0,16000000,"Adventure, Comedy, Family",5.4,"$9,871,065"
Dunston Checks In,0.0,16000000,"Adventure, Comedy, Family",5.4,"$9,871,065"
Black Sheep,32.0,0,Comedy,6.2,"$32,417,995"
Nick of Time,8175346.0,8169363,"Crime, Drama, Thriller",6.3,"$8,175,346"
Nick of Time,8175346.0,8169363,"Crime, Drama, Thriller",6.3,"$8,175,346"
Nick of Time,8175346.0,8169363,"Crime, Drama, Thriller",6.3,"$8,175,346"
The Journey of August King,0.0,0,Drama,6.5,"$14,381"
Mary Reilly,12379402.0,47000000,"Drama, Horror, Thriller, Romance",5.8,"$5,707,094"
Mary Reilly,12379402.0,47000000,"Drama, Horror, Thriller, Romance",5.8,"$5,707,094"
Mary Reilly,12379402.0,47000000,"Drama, Horror, Thriller, Romance",5.8,"$5,707,094"
Vampire in Brooklyn,19800000.0,14000000,"Comedy, Horror, Romance",4.7,"$19,751,736"
Vampire in Brooklyn,19800000.0,14000000,"Comedy, Horror, Romance",4.7,"$19,751,736"
Vampire in Brooklyn,19800000.0,14000000,"Comedy, Horror, Romance",4.7,"$19,751,736"
Beautiful Girls,0.0,0,"Comedy, Drama, Romance",7.1,"$10,597,759"
Beautiful Girls,0.0,0,"Comedy, Drama, Romance",7.1,"$10,597,759"
Beautiful Girls,0.0,0,"Comedy, Drama, Romance",7.1,"$10,597,759"
Broken Arrow,150270147.0,50000000,"Action, Adventure, Drama, Thriller",6.1,"$70,770,147"
Broken Arrow,150270147.0,50000000,"Action, Adventure, Drama, Thriller",6.1,"$70,770,147"
Broken Arrow,150270147.0,50000000,"Action, Adventure, Drama, Thriller",6.1,"$70,770,147"
A Midwinter's Tale,0.0,0,Comedy,7.2,"$469,571"
Shopping,0.0,0,"Action, Adventure, Drama, Science Fiction, Thriller",5.4,"$3,061"
Shopping,0.0,0,"Action, Adventure, Drama, Science Fiction, Thriller",5.4,"$3,061"
Shopping,0.0,0,"Action, Adventure, Drama, Science Fiction, Thriller",5.4,"$3,061"
Heidi Fleiss: Hollywood Madam,0.0,0,Documentary,6.6,"$34,402"
Heidi Fleiss: Hollywood Madam,0.0,0,Documentary,6.6,"$34,402"
City Hall,0.0,0,"Drama, Thriller",6.2,"$20,340,204"
City Hall,0.0,0,"Drama, Thriller",6.2,"$20,340,204"
City Hall,0.0,0,"Drama, Thriller",6.2,"$20,340,204"
Bottle Rocket,560069.0,7000000,"Comedy, Crime, Drama",6.9,"$560,069"
Bottle Rocket,560069.0,7000000,"Comedy, Crime, Drama",6.9,"$560,069"
Bottle Rocket,560069.0,7000000,"Comedy, Crime, Drama",6.9,"$560,069"
Mr. Wrong,0.0,0,"Comedy, Romance",3.8,"$12,825,141"
Unforgettable,0.0,18000000,"Drama, Mystery, Science Fiction, Thriller",6.8,
Unforgettable,0.0,18000000,"Drama, Mystery, Science Fiction, Thriller",6.8,
Unforgettable,0.0,18000000,"Drama, Mystery, Science Fiction, Thriller",6.8,
Happy Gilmore,41205099.0,12000000,Comedy,7.0,"$39,041,354"
Happy Gilmore,41205099.0,12000000,Comedy,7.0,"$39,041,354"
The Bridges of Madison County,182016617.0,24000000,"Drama, Romance",7.6,"$71,516,617"
The Bridges of Madison County,182016617.0,24000000,"Drama, Romance",7.6,"$71,516,617"
Nobody Loves Me,0.0,0,"Drama, Comedy, Family",7.2,N/A
Nobody Loves Me,0.0,0,"Drama, Comedy, Family",7.2,N/A
Muppet Treasure Island,34327391.0,0,"Action, Comedy, Music, Family, Adventure",6.9,"$34,327,391"
Muppet Treasure Island,34327391.0,0,"Action, Comedy, Music, Family, Adventure",6.9,"$34,327,391"
Muppet Treasure Island,34327391.0,0,"Action, Comedy, Music, Family, Adventure",6.9,"$34,327,391"
Catwalk,0.0,0,Documentary,7.1,"$28,672"
Headless Body in Topless Bar,0.0,0,Crime,4.8,N/A
Headless Body in Topless Bar,0.0,0,Crime,4.8,N/A
Headless Body in Topless Bar,0.0,0,Crime,4.8,N/A
Braveheart,210000000.0,72000000,"Action, Drama, History, War",8.3,"$75,609,945"
Braveheart,210000000.0,72000000,"Action, Drama, History, War",8.3,"$75,609,945"
Braveheart,210000000.0,72000000,"Action, Drama, History, War",8.3,"$75,609,945"
Taxi Driver,28262574.0,1300000,"Crime, Drama",8.2,"$28,262,574"
Taxi Driver,28262574.0,1300000,"Crime, Drama",8.2,"$28,262,574"
Rumble in the Bronx,32392047.0,7500000,"Crime, Action, Comedy, Thriller",6.8,"$32,392,047"
Rumble in the Bronx,32392047.0,7500000,"Crime, Action, Comedy, Thriller",6.8,"$32,392,047"
Rumble in the Bronx,32392047.0,7500000,"Crime, Action, Comedy, Thriller",6.8,"$32,392,047"
Before and After,0.0,35000000,"Drama, Thriller",6.1,"$8,797,839"
Before and After,0.0,35000000,"Drama, Thriller",6.1,"$8,797,839"
Before and After,0.0,35000000,"Drama, Thriller",6.1,"$8,797,839"
Margaret's Museum,0.0,0,Drama,7.2,"$524,963"
Happiness Is in the Field,0.0,13365000,Comedy,7.0,"$414,736"
Anne Frank Remembered,1.0,0,"Documentary, Drama, Foreign",8.1,"$1,310,200"
Anne Frank Remembered,1.0,0,"Documentary, Drama, Foreign",8.1,"$1,310,200"
Anne Frank Remembered,1.0,0,"Documentary, Drama, Foreign",8.1,"$1,310,200"
The Young Poisoner's Handbook,0.0,0,"Comedy, Crime, Drama",7.0,"$536,825"
The Young Poisoner's Handbook,0.0,0,"Comedy, Crime, Drama",7.0,"$536,825"
The Young Poisoner's Handbook,0.0,0,"Comedy, Crime, Drama",7.0,"$536,825"
If Lucy Fell,0.0,0,"Comedy, Romance",4.9,"$2,420,162"
If Lucy Fell,0.0,0,"Comedy, Romance",4.9,"$2,420,162"
Steal Big Steal Little,6278139.0,25000000,"Comedy, Drama",4.7,"$3,150,170"
Race the Sun,0.0,0,"Action, Adventure, Comedy, Drama, Family",5.4,"$1,945,552"
Race the Sun,0.0,0,"Action, Adventure, Comedy, Drama, Family",5.4,"$1,945,552"
Race the Sun,0.0,0,"Action, Adventure, Comedy, Drama, Family",5.4,"$1,945,552"
The Boys of St. Vincent,0.0,0,Drama,7.5,"$204,540"
The Boys of St. Vincent,0.0,0,Drama,7.5,"$204,540"
Boomerang,70100000.0,40000000,"Comedy, Romance",5.6,"$70,052,444"
Boomerang,70100000.0,40000000,"Comedy, Romance",5.6,"$70,052,444"
Boomerang,70100000.0,40000000,"Comedy, Romance",5.6,"$70,052,444"
Chungking Express,0.0,0,"Drama, Comedy, Romance",7.9,"$600,200"
Chungking Express,0.0,0,"Drama, Comedy, Romance",7.9,"$600,200"
Chungking Express,0.0,0,"Drama, Comedy, Romance",7.9,"$600,200"
The Star Maker,0.0,0,"Drama, Romance",7.4,"$371,674"
The Star Maker,0.0,0,"Drama, Romance",7.4,"$371,674"
Flirting with Disaster,14702438.0,7000000,"Comedy, Romance",6.7,"$14,702,438"
The Silences of the Palace,0.0,0,Drama,7.4,N/A
Jupiter's Wife,0.0,0,,7.1,"$10,622"
Jupiter's Wife,0.0,0,,7.1,"$10,622"
Jupiter's Wife,0.0,0,,7.1,"$10,622"
Pie in the Sky,0.0,0,"Comedy, Romance",7.7,
Pie in the Sky,0.0,0,"Comedy, Romance",7.7,
Pie in the Sky,0.0,0,"Comedy, Romance",7.7,
Angela,0.0,0,"Comedy, Drama",6.6,
Frankie Starlight,0.0,0,"Drama, Romance, War",6.5,"$103,365"
Frankie Starlight,0.0,0,"Drama, Romance, War",6.5,"$103,365"
Frankie Starlight,0.0,0,"Drama, Romance, War",6.5,"$103,365"
Jade,9851610.0,50000000,"Action, Thriller, Mystery, Romance",5.3,"$9,851,610"
Jade,9851610.0,50000000,"Action, Thriller, Mystery, Romance",5.3,"$9,851,610"
Jade,9851610.0,50000000,"Action, Thriller, Mystery, Romance",5.3,"$9,851,610"
Nueba Yol,0.0,0,"Comedy, Drama, Romance",7.1,"$984,681"
Nueba Yol,0.0,0,"Comedy, Drama, Romance",7.1,"$984,681"
Sonic Outlaws,0.0,0,"Music, Documentary",7.4,N/A
Down Periscope,0.0,0,Comedy,6.2,"$25,785,603"
From the Journals of Jean Seberg,0.0,0,Documentary,7.1,N/A
From the Journals of Jean Seberg,0.0,0,Documentary,7.1,N/A
Man of the Year,209935.0,0,Comedy,6.2,"$37,327,390"
Man of the Year,209935.0,0,Comedy,6.2,"$37,327,390"
Man of the Year,209935.0,0,Comedy,6.2,"$37,327,390"
The Neon Bible,0.0,0,Drama,6.2,"$78,072"
Target,0.0,0,,5.9,"$9,023,199"
Target,0.0,0,,5.9,"$9,023,199"
Target,0.0,0,,5.9,"$9,023,199"
The Birdcage,185260553.0,31000000,Comedy,7.2,"$124,060,553"
Virgin Mary,0.0,0,Drama,N/A,N/A
The Brothers McMullen,0.0,0,"Comedy, Drama, Romance",6.6,"$10,426,506"
The Brothers McMullen,0.0,0,"Comedy, Drama, Romance",6.6,"$10,426,506"
The Brothers McMullen,0.0,0,"Comedy, Drama, Romance",6.6,"$10,426,506"
Bad Boys,141407024.0,19000000,"Action, Comedy, Crime, Thriller",6.8,"$65,807,024"
Bad Boys,141407024.0,19000000,"Action, Comedy, Crime, Thriller",6.8,"$65,807,024"
Bad Boys,141407024.0,19000000,"Action, Comedy, Crime, Thriller",6.8,"$65,807,024"
The Amazing Panda Adventure,0.0,0,"Action, Adventure, Drama, Family",5.7,"$7,506,759"
The Amazing Panda Adventure,0.0,0,"Action, Adventure, Drama, Family",5.7,"$7,506,759"
The Amazing Panda Adventure,0.0,0,"Action, Adventure, Drama, Family",5.7,"$7,506,759"
The Basketball Diaries,0.0,0,"Drama, Crime",7.3,"$2,381,087"
The Basketball Diaries,0.0,0,"Drama, Crime",7.3,"$2,381,087"
The Basketball Diaries,0.0,0,"Drama, Crime",7.3,"$2,381,087"
An Awfully Big Adventure,851545.0,4000000,"Romance, Drama, Comedy",5.8,"$259,724"
An Awfully Big Adventure,851545.0,4000000,"Romance, Drama, Comedy",5.8,"$259,724"
An Awfully Big Adventure,851545.0,4000000,"Romance, Drama, Comedy",5.8,"$259,724"
Amateur,0.0,0,"Crime, Comedy, Drama, Thriller",6.8,"$757,088"
Amateur,0.0,0,"Crime, Comedy, Drama, Thriller",6.8,"$757,088"
Amateur,0.0,0,"Crime, Comedy, Drama, Thriller",6.8,"$757,088"
Apollo 13,355237933.0,52000000,Drama,7.7,"$174,692,658"
Apollo 13,355237933.0,52000000,Drama,7.7,"$174,692,658"
Apollo 13,355237933.0,52000000,Drama,7.7,"$174,692,658"
Rob Roy,31596911.0,28000000,Adventure,6.9,"$31,596,911"
Rob Roy,31596911.0,28000000,Adventure,6.9,"$31,596,911"
Rob Roy,31596911.0,28000000,Adventure,6.9,"$31,596,911"
The Addiction,0.0,0,"Drama, Horror",6.5,"$307,308"
The Addiction,0.0,0,"Drama, Horror",6.5,"$307,308"
Batman Forever,336529144.0,100000000,"Action, Crime, Fantasy",5.5,"$184,069,126"
Batman Forever,336529144.0,100000000,"Action, Crime, Fantasy",5.5,"$184,069,126"
Belle de Jour,0.0,0,"Drama, Romance",7.6,"$4,063,348"
Belle de Jour,0.0,0,"Drama, Romance",7.6,"$4,063,348"
Beyond Rangoon,0.0,0,"Drama, Thriller",6.5,"$5,750,110"
Beyond Rangoon,0.0,0,"Drama, Thriller",6.5,"$5,750,110"
Beyond Rangoon,0.0,0,"Drama, Thriller",6.5,"$5,750,110"
Blue in the Face,1275000.0,2000000,Comedy,6.6,"$1,268,636"
Canadian Bacon,178104.0,11000000,"Action, Comedy",5.9,"$163,971"
Canadian Bacon,178104.0,11000000,"Action, Comedy",5.9,"$163,971"
Casper,287928194.0,50000000,"Fantasy, Comedy, Family",6.2,"$102,677,077"
Casper,287928194.0,50000000,"Fantasy, Comedy, Family",6.2,"$102,677,077"
Casper,287928194.0,50000000,"Fantasy, Comedy, Family",6.2,"$102,677,077"
Clockers,13071518.0,25000000,"Mystery, Crime, Drama",6.9,"$13,071,518"
Clockers,13071518.0,25000000,"Mystery, Crime, Drama",6.9,"$13,071,518"
Clockers,13071518.0,25000000,"Mystery, Crime, Drama",6.9,"$13,071,518"
Congo,152022101.0,50000000,"Action, Adventure, Drama, Mystery, Science Fiction, Thriller",5.3,"$81,022,101"
Congo,152022101.0,50000000,"Action, Adventure, Drama, Mystery, Science Fiction, Thriller",5.3,"$81,022,101"
Congo,152022101.0,50000000,"Action, Adventure, Drama, Mystery, Science Fiction, Thriller",5.3,"$81,022,101"
Crimson Tide,157387195.0,53000000,"Action, Thriller, Drama",7.4,"$91,387,195"
Crimson Tide,157387195.0,53000000,"Action, Thriller, Drama",7.4,"$91,387,195"
Crimson Tide,157387195.0,53000000,"Action, Thriller, Drama",7.4,"$91,387,195"
Crumb,3174695.0,0,Documentary,8.0,"$3,041,083"
Crumb,3174695.0,0,Documentary,8.0,"$3,041,083"
Crumb,3174695.0,0,Documentary,8.0,"$3,041,083"
Desperado,25405445.0,7000000,"Thriller, Action, Crime",7.1,"$25,405,445"
Desperado,25405445.0,7000000,"Thriller, Action, Crime",7.1,"$25,405,445"
Desperado,25405445.0,7000000,"Thriller, Action, Crime",7.1,"$25,405,445"
Devil in a Blue Dress,16140822.0,27000000,"Drama, Mystery, Thriller",6.8,"$16,140,822"
Devil in a Blue Dress,16140822.0,27000000,"Drama, Mystery, Thriller",6.8,"$16,140,822"
Devil in a Blue Dress,16140822.0,27000000,"Drama, Mystery, Thriller",6.8,"$16,140,822"
The Doom Generation,0.0,0,"Action, Comedy, Crime, Drama",6.1,"$284,785"
The Doom Generation,0.0,0,"Action, Comedy, Crime, Drama",6.1,"$284,785"
The Doom Generation,0.0,0,"Action, Comedy, Crime, Drama",6.1,"$284,785"
Feast of July,0.0,0,"Drama, Crime",6.1,"$293,274"
Feast of July,0.0,0,"Drama, Crime",6.1,"$293,274"
Feast of July,0.0,0,"Drama, Crime",6.1,"$293,274"
First Knight,127600435.0,55000000,"Action, Adventure, Drama, Romance",6.0,"$37,600,435"
First Knight,127600435.0,55000000,"Action, Adventure, Drama, Romance",6.0,"$37,600,435"
First Knight,127600435.0,55000000,"Action, Adventure, Drama, Romance",6.0,"$37,600,435"
Hackers,7563728.0,20000000,"Action, Crime, Thriller, Drama",6.2,"$7,563,728"
Hackers,7563728.0,20000000,"Action, Crime, Thriller, Drama",6.2,"$7,563,728"
Hackers,7563728.0,20000000,"Action, Crime, Thriller, Drama",6.2,"$7,563,728"
Jeffrey,0.0,0,"Comedy, Drama, Romance",6.8,"$3,487,767"
Jeffrey,0.0,0,"Comedy, Drama, Romance",6.8,"$3,487,767"
Johnny Mnemonic,19075720.0,25000000,"Adventure, Action, Drama, Science Fiction, Thriller",5.6,"$19,075,720"
Johnny Mnemonic,19075720.0,25000000,"Adventure, Action, Drama, Science Fiction, Thriller",5.6,"$19,075,720"
Johnny Mnemonic,19075720.0,25000000,"Adventure, Action, Drama, Science Fiction, Thriller",5.6,"$19,075,720"
Judge Dredd,113493481.0,90000000,Science Fiction,5.6,"$34,693,481"
Judge Dredd,113493481.0,90000000,Science Fiction,5.6,"$34,693,481"
Judge Dredd,113493481.0,90000000,Science Fiction,5.6,"$34,693,481"
Jury Duty,17014653.0,0,"Comedy, Drama",4.3,"$17,014,653"
Kids,7412216.0,1500000,"Drama, Crime",7.0,"$7,412,216"
Living in Oblivion,1148752.0,500000,"Drama, Comedy",7.5,"$1,111,790"
Living in Oblivion,1148752.0,500000,"Drama, Comedy",7.5,"$1,111,790"
Lord of Illusions,0.0,0,"Mystery, Horror, Thriller",6.0,"$13,294,422"
Lord of Illusions,0.0,0,"Mystery, Horror, Thriller",6.0,"$13,294,422"
Lord of Illusions,0.0,0,"Mystery, Horror, Thriller",6.0,"$13,294,422"
Mad Love,15453274.0,0,"Drama, Family, Romance",5.3,"$15,453,274"
Mad Love,15453274.0,0,"Drama, Family, Romance",5.3,"$15,453,274"
Mad Love,15453274.0,0,"Drama, Family, Romance",5.3,"$15,453,274"
Mallrats,2122561.0,6000000,"Romance, Comedy",7.0,"$2,122,561"
Mallrats,2122561.0,6000000,"Romance, Comedy",7.0,"$2,122,561"
Moonlight and Valentino,0.0,0,"Comedy, Drama, Romance",5.7,"$2,484,226"
Moonlight and Valentino,0.0,0,"Comedy, Drama, Romance",5.7,"$2,484,226"
Moonlight and Valentino,0.0,0,"Comedy, Drama, Romance",5.7,"$2,484,226"
Mute Witness,1.0,2,"Thriller, Foreign",6.7,"$1,125,910"
Mute Witness,1.0,2,"Thriller, Foreign",6.7,"$1,125,910"
Mute Witness,1.0,2,"Thriller, Foreign",6.7,"$1,125,910"
Nadja,0.0,0,"Horror, Thriller",6.0,"$443,169"
Nadja,0.0,0,"Horror, Thriller",6.0,"$443,169"
The Net,110627965.0,22000000,"Crime, Drama, Mystery, Thriller, Action",6.0,"$50,727,965"
The Net,110627965.0,22000000,"Crime, Drama, Mystery, Thriller, Action",6.0,"$50,727,965"
The Net,110627965.0,22000000,"Crime, Drama, Mystery, Thriller, Action",6.0,"$50,727,965"
Nine Months,69660733.0,0,Comedy,5.5,"$69,684,532"
Nine Months,69660733.0,0,Comedy,5.5,"$69,684,532"
Party Girl,472370.0,150000,Comedy,6.5,"$472,370"
Party Girl,472370.0,150000,Comedy,6.5,"$472,370"
Party Girl,472370.0,150000,Comedy,6.5,"$472,370"
The Prophecy,16.0,8,"Fantasy, Horror, Thriller",6.4,"$16,115,878"
The Prophecy,16.0,8,"Fantasy, Horror, Thriller",6.4,"$16,115,878"
The Prophecy,16.0,8,"Fantasy, Horror, Thriller",6.4,"$16,115,878"
Reckless,0.0,0,"Fantasy, Comedy, Drama",7.0,
Reckless,0.0,0,"Fantasy, Comedy, Drama",7.0,
Safe,0.0,0,Drama,6.5,"$17,142,080"
Safe,0.0,0,Drama,6.5,"$17,142,080"
Safe,0.0,0,Drama,6.5,"$17,142,080"
The Scarlet Letter,10382407.0,50000000,"Drama, History, Romance",5.3,"$10,382,407"
The Scarlet Letter,10382407.0,50000000,"Drama, History, Romance",5.3,"$10,382,407"
The Scarlet Letter,10382407.0,50000000,"Drama, History, Romance",5.3,"$10,382,407"
The Scarlet Letter,10382407.0,50000000,"Drama, History, Romance",5.3,"$10,382,407"
The Show,0.0,0,Documentary,5.6,N/A
The Show,0.0,0,Documentary,5.6,N/A
Showgirls,20350754.0,45000000,Drama,5.1,"$20,350,754"
Smoke,8349430.0,7000000,"Comedy, Drama",7.4,"$8,367,636"
Smoke,8349430.0,7000000,"Comedy, Drama",7.4,"$8,367,636"
Something to Talk About,50892160.0,0,Comedy,5.7,"$50,865,589"
Something to Talk About,50892160.0,0,Comedy,5.7,"$50,865,589"
Something to Talk About,50892160.0,0,Comedy,5.7,"$50,865,589"
Species,113374103.0,35000000,"Science Fiction, Horror, Action",5.9,"$60,074,103"
Species,113374103.0,35000000,"Science Fiction, Horror, Action",5.9,"$60,074,103"
Species,113374103.0,35000000,"Science Fiction, Horror, Action",5.9,"$60,074,103"
The Stars Fell on Henrietta,0.0,0,Drama,6.4,"$99,318"
Strange Days,7959291.0,42000000,"Crime, Drama, Science Fiction, Thriller",7.2,"$7,959,291"
Strange Days,7959291.0,42000000,"Crime, Drama, Science Fiction, Thriller",7.2,"$7,959,291"
Strange Days,7959291.0,42000000,"Crime, Drama, Science Fiction, Thriller",7.2,"$7,959,291"
The Umbrellas of Cherbourg,0.0,0,"Drama, Romance",7.8,"$86,074"
The Umbrellas of Cherbourg,0.0,0,"Drama, Romance",7.8,"$86,074"
The Umbrellas of Cherbourg,0.0,0,"Drama, Romance",7.8,"$86,074"
The Tie That Binds,5780000.0,14000000,Thriller,5.0,"$5,772,529"
The Tie That Binds,5780000.0,14000000,Thriller,5.0,"$5,772,529"
The Tie That Binds,5780000.0,14000000,Thriller,5.0,"$5,772,529"
Three Wishes,7025496.0,0,"Drama, Fantasy",6.1,"$7,027,517"
Three Wishes,7025496.0,0,"Drama, Fantasy",6.1,"$7,027,517"
Three Wishes,7025496.0,0,"Drama, Fantasy",6.1,"$7,027,517"
Total Eclipse,339889.0,0,"Drama, Romance",6.5,"$340,139"
Total Eclipse,339889.0,0,"Drama, Romance",6.5,"$340,139"
Total Eclipse,339889.0,0,"Drama, Romance",6.5,"$340,139"
"To Wong Foo, Thanks for Everything! Julie Newmar",47774193.0,0,Comedy,6.8,"$36,474,193"
"To Wong Foo, Thanks for Everything! Julie Newmar",47774193.0,0,Comedy,6.8,"$36,474,193"
Under Siege 2: Dark Territory,104324083.0,60000000,"Action, Thriller",5.6,"$50,024,083"
Under Siege 2: Dark Territory,104324083.0,60000000,"Action, Thriller",5.6,"$50,024,083"
Under Siege 2: Dark Territory,104324083.0,60000000,"Action, Thriller",5.6,"$50,024,083"
Unstrung Heroes,0.0,0,"Comedy, Drama, Family",6.7,"$7,929,434"
Unstrung Heroes,0.0,0,"Comedy, Drama, Family",6.7,"$7,929,434"
Unzipped,0.0,0,Documentary,6.4,"$2,875,086"
A Walk in the Clouds,50012507.0,20000000,"Drama, Romance",6.7,"$50,008,143"
A Walk in the Clouds,50012507.0,20000000,"Drama, Romance",6.7,"$50,008,143"
Waterworld,264218220.0,175000000,"Adventure, Action",6.3,"$88,246,220"
Waterworld,264218220.0,175000000,"Adventure, Action",6.3,"$88,246,220"
Waterworld,264218220.0,175000000,"Adventure, Action",6.3,"$88,246,220"
White Man's Burden,0.0,8000000,Drama,5.3,"$3,734,870"
White Man's Burden,0.0,8000000,Drama,5.3,"$3,734,870"
Wild Bill,0.0,30000000,"Action, Western",7.2,N/A
Wild Bill,0.0,30000000,"Action, Western",7.2,N/A
Wild Bill,0.0,30000000,"Action, Western",7.2,N/A
The Browning Version,0.0,0,Drama,8.0,N/A
Bushwhacked,0.0,0,"Adventure, Action, Comedy, Crime, Family",5.6,"$7,919,823"
Bushwhacked,0.0,0,"Adventure, Action, Comedy, Crime, Family",5.6,"$7,919,823"
Bushwhacked,0.0,0,"Adventure, Action, Comedy, Crime, Family",5.6,"$7,919,823"
Burnt by the Sun,2616503.0,2800000,Drama,7.8,"$2,302,338"
Burnt by the Sun,2616503.0,2800000,Drama,7.8,"$2,302,338"
Before the Rain,763847.0,0,"Drama, War",7.8,"$763,847"
Before the Rain,763847.0,0,"Drama, War",7.8,"$763,847"
Before the Rain,763847.0,0,"Drama, War",7.8,"$763,847"
Before Sunrise,5535405.0,2500000,"Drama, Romance",8.1,"$5,535,405"
Before Sunrise,5535405.0,2500000,"Drama, Romance",8.1,"$5,535,405"
Before Sunrise,5535405.0,2500000,"Drama, Romance",8.1,"$5,535,405"
Billy Madison,26488734.0,10000000,Comedy,6.4,"$25,588,734"
The Babysitter,0.0,0,"Drama, Thriller",6.4,N/A
The Babysitter,0.0,0,"Drama, Thriller",6.4,N/A
Boys on the Side,23450000.0,21000000,"Comedy, Drama",6.5,"$23,440,188"
Boys on the Side,23450000.0,21000000,"Comedy, Drama",6.5,"$23,440,188"
The Cure,0.0,0,"Drama, Family",7.7,"$2,568,425"
The Cure,0.0,0,"Drama, Family",7.7,"$2,568,425"
Castle Freak,0.0,0,"Thriller, Drama, Horror, Mystery",6.0,N/A
Castle Freak,0.0,0,"Thriller, Drama, Horror, Mystery",6.0,N/A
Castle Freak,0.0,0,"Thriller, Drama, Horror, Mystery",6.0,N/A
Castle Freak,0.0,0,"Thriller, Drama, Horror, Mystery",6.0,N/A
Circle of Friends,0.0,0,"Drama, Family, Romance",6.6,"$23,389,975"
Circle of Friends,0.0,0,"Drama, Family, Romance",6.6,"$23,389,975"
Clerks,3151130.0,27000,Comedy,7.7,"$3,151,130"
Don Juan DeMarco,22200000.0,25000000,"Romance, Drama, Comedy",6.7,"$22,150,451"
Don Juan DeMarco,22200000.0,25000000,"Romance, Drama, Comedy",6.7,"$22,150,451"
Don Juan DeMarco,22200000.0,25000000,"Romance, Drama, Comedy",6.7,"$22,150,451"
Disclosure,214015089.0,55000000,"Drama, Thriller, Crime, Mystery, Romance",6.2,"$83,015,089"
Disclosure,214015089.0,55000000,"Drama, Thriller, Crime, Mystery, Romance",6.2,"$83,015,089"
Dream Man,0.0,0,Thriller,4.7,N/A
Drop Zone,0.0,45000000,"Action, Adventure, Thriller",5.6,"$28,735,315"
Drop Zone,0.0,45000000,"Action, Adventure, Thriller",5.6,"$28,735,315"
Drop Zone,0.0,45000000,"Action, Adventure, Thriller",5.6,"$28,735,315"
Destiny Turns on the Radio,0.0,0,"Crime, Comedy, Fantasy",4.6,"$1,176,982"
Destiny Turns on the Radio,0.0,0,"Crime, Comedy, Fantasy",4.6,"$1,176,982"
Destiny Turns on the Radio,0.0,0,"Crime, Comedy, Fantasy",4.6,"$1,176,982"
Death and the Maiden,0.0,0,"Drama, Thriller, Mystery",7.2,"$3,103,716"
Death and the Maiden,0.0,0,"Drama, Thriller, Mystery",7.2,"$3,103,716"
Death and the Maiden,0.0,0,"Drama, Thriller, Mystery",7.2,"$3,103,716"
Dolores Claiborne,0.0,0,"Crime, Drama, Mystery",7.4,"$24,361,867"
Dolores Claiborne,0.0,0,"Crime, Drama, Mystery",7.4,"$24,361,867"
Dolores Claiborne,0.0,0,"Crime, Drama, Mystery",7.4,"$24,361,867"
Dumb and Dumber,247275374.0,16000000,Comedy,7.3,"$127,190,327"
Eat Drink Man Woman,7294403.0,0,"Comedy, Drama, Romance",7.8,"$7,294,403"
Eat Drink Man Woman,7294403.0,0,"Comedy, Drama, Romance",7.8,"$7,294,403"
Eat Drink Man Woman,7294403.0,0,"Comedy, Drama, Romance",7.8,"$7,294,403"
Exotica,0.0,0,"Drama, Mystery",7.0,"$4,221,036"
Exit to Eden,6841570.0,0,"Thriller, Comedy, Crime, Romance",4.3,"$6,841,570"
Exit to Eden,6841570.0,0,"Thriller, Comedy, Crime, Romance",4.3,"$6,841,570"
Exit to Eden,6841570.0,0,"Thriller, Comedy, Crime, Romance",4.3,"$6,841,570"
Ed Wood,5887457.0,18000000,"Comedy, Drama, History",7.8,"$5,887,457"
Ed Wood,5887457.0,18000000,"Comedy, Drama, History",7.8,"$5,887,457"
Ed Wood,5887457.0,18000000,"Comedy, Drama, History",7.8,"$5,887,457"
French Kiss,0.0,0,"Comedy, Romance",6.6,"$38,896,854"
French Kiss,0.0,0,"Comedy, Romance",6.6,"$38,896,854"
French Kiss,0.0,0,"Comedy, Romance",6.6,"$38,896,854"
Forget Paris,0.0,0,"Comedy, Drama, Romance",6.5,"$33,177,694"
Forget Paris,0.0,0,"Comedy, Drama, Romance",6.5,"$33,177,694"
Far from Home: The Adventures of Yellow Dog,0.0,0,"Action, Adventure, Drama, Family",6.3,"$11,642,946"
Far from Home: The Adventures of Yellow Dog,0.0,0,"Action, Adventure, Drama, Family",6.3,"$11,642,946"
A Goofy Movie,35348597.0,0,"Romance, Animation, Family, Comedy, Adventure",7.0,"$35,348,597"
A Goofy Movie,35348597.0,0,"Romance, Animation, Family, Comedy, Adventure",7.0,"$35,348,597"
A Goofy Movie,35348597.0,0,"Romance, Animation, Family, Comedy, Adventure",7.0,"$35,348,597"
Hideaway,12201255.0,15000000,"Drama, Thriller",5.3,"$12,201,255"
Hideaway,12201255.0,15000000,"Drama, Thriller",5.3,"$12,201,255"
Hideaway,12201255.0,15000000,"Drama, Thriller",5.3,"$12,201,255"
Fluke,0.0,0,"Drama, Family, Fantasy",6.6,"$3,987,768"
Fluke,0.0,0,"Drama, Family, Fantasy",6.6,"$3,987,768"
Fluke,0.0,0,"Drama, Family, Fantasy",6.6,"$3,987,768"
Farinelli,0.0,0,"History, Drama",6.8,"$1,573,411"
Farinelli,0.0,0,"History, Drama",6.8,"$1,573,411"
Farinelli,0.0,0,"History, Drama",6.8,"$1,573,411"
Gordy,3992809.0,0,"Drama, Family, Fantasy",3.8,"$3,941,146"
Gordy,3992809.0,0,"Drama, Family, Fantasy",3.8,"$3,941,146"
Gordy,3992809.0,0,"Drama, Family, Fantasy",3.8,"$3,941,146"
Gumby: The Movie,0.0,0,"Fantasy, Animation, Science Fiction, Family",6.0,"$57,100"
Gumby: The Movie,0.0,0,"Fantasy, Animation, Science Fiction, Family",6.0,"$57,100"
Gumby: The Movie,0.0,0,"Fantasy, Animation, Science Fiction, Family",6.0,"$57,100"
The Glass Shield,0.0,0,"Drama, Action, Thriller, Crime",6.1,"$3,291,163"
The Glass Shield,0.0,0,"Drama, Action, Thriller, Crime",6.1,"$3,291,163"
Hoop Dreams,7830611.0,700000,Documentary,8.3,"$7,830,611"
Hoop Dreams,7830611.0,700000,Documentary,8.3,"$7,830,611"
Hoop Dreams,7830611.0,700000,Documentary,8.3,"$7,830,611"
Heavenly Creatures,3049135.0,5000000,"Drama, Fantasy",7.2,"$3,049,135"
Heavenly Creatures,3049135.0,5000000,"Drama, Fantasy",7.2,"$3,049,135"
Heavenly Creatures,3049135.0,5000000,"Drama, Fantasy",7.2,"$3,049,135"
Houseguest,26325256.0,10500000,"Comedy, Family",5.9,"$26,325,256"
Immortal Beloved,0.0,120,"Drama, Music, Romance",7.4,"$9,914,409"
Immortal Beloved,0.0,120,"Drama, Music, Romance",7.4,"$9,914,409"
Immortal Beloved,0.0,120,"Drama, Music, Romance",7.4,"$9,914,409"
Heavyweights,17689177.0,0,"Comedy, Family, Drama",6.6,"$17,689,177"
Heavyweights,17689177.0,0,"Comedy, Family, Drama",6.6,"$17,689,177"
Heavyweights,17689177.0,0,"Comedy, Family, Drama",6.6,"$17,689,177"
The Hunted,0.0,0,"Action, Thriller",6.1,"$34,244,097"
The Hunted,0.0,0,"Action, Thriller",6.1,"$34,244,097"
The Hunted,0.0,0,"Action, Thriller",6.1,"$34,244,097"
I.Q.,0.0,25000000,"Comedy, Drama, Romance",6.2,"$26,381,221"
I.Q.,0.0,25000000,"Comedy, Drama, Romance",6.2,"$26,381,221"
Interview with the Vampire,223664608.0,60000000,"Horror, Romance",7.5,"$105,264,608"
Interview with the Vampire,223664608.0,60000000,"Horror, Romance",7.5,"$105,264,608"
Interview with the Vampire,223664608.0,60000000,"Horror, Romance",7.5,"$105,264,608"
Jefferson in Paris,2474000.0,14000000,"Drama, Romance",5.7,"$2,473,668"
Jefferson in Paris,2474000.0,14000000,"Drama, Romance",5.7,"$2,473,668"
Jefferson in Paris,2474000.0,14000000,"Drama, Romance",5.7,"$2,473,668"
The Jerky Boys,0.0,0,"Comedy, Crime",4.7,"$7,557,877"
The Jerky Boys,0.0,0,"Comedy, Crime",4.7,"$7,557,877"
Junior,37000000.0,60000000,"Comedy, Family, Romance",4.8,"$36,763,355"
Junior,37000000.0,60000000,"Comedy, Family, Romance",4.8,"$36,763,355"
Junior,37000000.0,60000000,"Comedy, Family, Romance",4.8,"$36,763,355"
Just Cause,0.0,0,"Action, Drama, Mystery, Thriller",6.4,"$36,853,222"
Just Cause,0.0,0,"Action, Drama, Mystery, Thriller",6.4,"$36,853,222"
Just Cause,0.0,0,"Action, Drama, Mystery, Thriller",6.4,"$36,853,222"
A Kid in King Arthur's Court,0.0,0,"Adventure, Fantasy, Comedy, Science Fiction, Family",4.7,"$13,406,717"
A Kid in King Arthur's Court,0.0,0,"Adventure, Fantasy, Comedy, Science Fiction, Family",4.7,"$13,406,717"
A Kid in King Arthur's Court,0.0,0,"Adventure, Fantasy, Comedy, Science Fiction, Family",4.7,"$13,406,717"
Kiss of Death,0.0,40000000,"Action, Crime, Drama, Thriller",6.0,"$14,942,422"
Kiss of Death,0.0,40000000,"Action, Crime, Drama, Thriller",6.0,"$14,942,422"
Kiss of Death,0.0,40000000,"Action, Crime, Drama, Thriller",6.0,"$14,942,422"
Little Women,0.0,18000000,"Drama, Romance",7.8,"$108,101,214"
Little Women,0.0,18000000,"Drama, Romance",7.8,"$108,101,214"
A Little Princess,0.0,17000000,"Drama, Family, Fantasy",7.6,"$10,015,449"
A Little Princess,0.0,17000000,"Drama, Family, Fantasy",7.6,"$10,015,449"
A Little Princess,0.0,17000000,"Drama, Family, Fantasy",7.6,"$10,015,449"
Ladybird Ladybird,0.0,0,Drama,7.4,"$152,457"
Like Water for Chocolate,21665468.0,2000000,"Drama, Romance",7.1,"$21,665,468"
Like Water for Chocolate,21665468.0,2000000,"Drama, Romance",7.1,"$21,665,468"
Legends of the Fall,160638883.0,30000000,"Adventure, Drama, Romance, War",7.5,"$66,638,883"
Legends of the Fall,160638883.0,30000000,"Adventure, Drama, Romance, War",7.5,"$66,638,883"
Legends of the Fall,160638883.0,30000000,"Adventure, Drama, Romance, War",7.5,"$66,638,883"
Major Payne,0.0,0,"Adventure, Comedy, Family",6.3,"$29,412,050"
Major Payne,0.0,0,"Adventure, Comedy, Family",6.3,"$29,412,050"
Major Payne,0.0,0,"Adventure, Comedy, Family",6.3,"$29,412,050"
Little Odessa,0.0,0,"Action, Drama",6.7,"$1,095,885"
Little Odessa,0.0,0,"Action, Drama",6.7,"$1,095,885"
Love Affair,0.0,60000000,"Drama, Romance",7.3,N/A
Love Affair,0.0,60000000,"Drama, Romance",7.3,N/A
Love Affair,0.0,60000000,"Drama, Romance",7.3,N/A
Losing Isaiah,7603766.0,17000000,Drama,6.4,"$7,603,766"
The Madness of King George,0.0,0,"Comedy, Drama, History",7.2,"$15,238,689"
The Madness of King George,0.0,0,"Comedy, Drama, History",7.2,"$15,238,689"
The Madness of King George,0.0,0,"Comedy, Drama, History",7.2,"$15,238,689"
Man of the House,0.0,0,"Action, Comedy, Family",5.5,"$19,699,706"
Man of the House,0.0,0,"Action, Comedy, Family",5.5,"$19,699,706"
Mixed Nuts,0.0,15000000,"Comedy, Drama, Romance",5.4,"$6,821,850"
Mixed Nuts,0.0,15000000,"Comedy, Drama, Romance",5.4,"$6,821,850"
Milk Money,18137661.0,0,"Comedy, Romance",5.7,"$18,137,661"
Milk Money,18137661.0,0,"Comedy, Romance",5.7,"$18,137,661"
Miracle on 34th Street,46264384.0,0,"Fantasy, Drama, Family",7.9,N/A
Miracle on 34th Street,46264384.0,0,"Fantasy, Drama, Family",7.9,N/A
Miracle on 34th Street,46264384.0,0,"Fantasy, Drama, Family",7.9,N/A
Miami Rhapsody,5.0,6,"Comedy, Romance",5.4,"$5,221,281"
Miami Rhapsody,5.0,6,"Comedy, Romance",5.4,"$5,221,281"
My Family,0.0,5500000,"Comedy, Drama",7.5,
Murder in the First,17381942.0,0,"Crime, Drama",7.3,"$17,381,942"
Murder in the First,17381942.0,0,"Crime, Drama",7.3,"$17,381,942"
Nobody's Fool,0.0,0,"Drama, Comedy",7.3,"$39,491,975"
Nobody's Fool,0.0,0,"Drama, Comedy",7.3,"$39,491,975"
Nell,106683817.0,31000000,"Drama, Thriller",6.5,"$33,683,817"
New Jersey Drive,0.0,0,"Crime, Drama",6.6,"$3,565,508"
New Jersey Drive,0.0,0,"Crime, Drama",6.6,"$3,565,508"
New York Cop,0.0,0,"Action, Thriller, Crime, Drama",4.3,N/A
New York Cop,0.0,0,"Action, Thriller, Crime, Drama",4.3,N/A
New York Cop,0.0,0,"Action, Thriller, Crime, Drama",4.3,N/A
Beyond Bedlam,0.0,4800000,Horror,3.2,N/A
Beyond Bedlam,0.0,4800000,Horror,3.2,N/A
Nina Takes a Lover,0.0,0,"Drama, Romance",5.4,"$189,509"
Nina Takes a Lover,0.0,0,"Drama, Romance",5.4,"$189,509"
Nina Takes a Lover,0.0,0,"Drama, Romance",5.4,"$189,509"
Natural Born Killers,50282766.0,34000000,"Crime, Thriller, Drama",7.2,"$50,282,766"
Natural Born Killers,50282766.0,34000000,"Crime, Thriller, Drama",7.2,"$50,282,766"
Only You,0.0,0,"Comedy, Drama, Romance",6.5,"$20,059,210"
Only You,0.0,0,"Comedy, Drama, Romance",6.5,"$20,059,210"
Once Were Warriors,2201126.0,0,Drama,7.9,"$1,608,570"
Once Were Warriors,2201126.0,0,Drama,7.9,"$1,608,570"
Outbreak,189859560.0,50000000,"Action, Drama, Science Fiction, Thriller",6.6,"$67,659,560"
Outbreak,189859560.0,50000000,"Action, Drama, Science Fiction, Thriller",6.6,"$67,659,560"
Outbreak,189859560.0,50000000,"Action, Drama, Science Fiction, Thriller",6.6,"$67,659,560"
The Perez Family,2832826.0,11000000,"Comedy, Drama, Romance",6.0,"$2,832,826"
The Perez Family,2832826.0,11000000,"Comedy, Drama, Romance",6.0,"$2,832,826"
The Perez Family,2832826.0,11000000,"Comedy, Drama, Romance",6.0,"$2,832,826"
A Pyromaniac's Love Story,0.0,0,"Comedy, Drama, Romance",5.3,"$345,972"
A Pyromaniac's Love Story,0.0,0,"Comedy, Drama, Romance",5.3,"$345,972"
Pulp Fiction,213928762.0,8000000,"Thriller, Crime",8.8,"$107,928,762"
Pulp Fiction,213928762.0,8000000,"Thriller, Crime",8.8,"$107,928,762"
Panther,6834525.0,0,Drama,6.4,"$6,834,525"
Pushing Hands,152322.0,400000,"Comedy, Drama",7.2,"$152,322"
Pushing Hands,152322.0,400000,"Comedy, Drama",7.2,"$152,322"
Priest,4176932.0,0,"Drama, Romance",5.7,"$29,137,000"
Priest,4176932.0,0,"Drama, Romance",5.7,"$29,137,000"
Priest,4176932.0,0,"Drama, Romance",5.7,"$29,137,000"
Quiz Show,0.0,0,"History, Drama",7.5,"$24,822,619"
Quiz Show,0.0,0,"History, Drama",7.5,"$24,822,619"
Quiz Show,0.0,0,"History, Drama",7.5,"$24,822,619"
Picture Bride,0.0,0,"Drama, History",6.6,"$1,238,905"
Picture Bride,0.0,0,"Drama, History",6.6,"$1,238,905"
Queen Margot,0.0,0,"Drama, History",7.4,"$1,304,237"
Queen Margot,0.0,0,"Drama, History",7.4,"$1,304,237"
Queen Margot,0.0,0,"Drama, History",7.4,"$1,304,237"
The Quick and the Dead,18552460.0,32000000,"Action, Western",6.5,"$18,636,537"
The Quick and the Dead,18552460.0,32000000,"Action, Western",6.5,"$18,636,537"
The Quick and the Dead,18552460.0,32000000,"Action, Western",6.5,"$18,636,537"
Roommates,12400000.0,22000000,"Drama, Comedy",6.4,"$12,096,881"
Roommates,12400000.0,22000000,"Drama, Comedy",6.4,"$12,096,881"
Three Colors: Red,0.0,0,"Drama, Mystery, Romance",8.1,"$3,581,969"
Three Colors: Red,0.0,0,"Drama, Mystery, Romance",8.1,"$3,581,969"
Three Colors: Red,0.0,0,"Drama, Mystery, Romance",8.1,"$3,581,969"
Three Colors: Blue,0.0,0,"Drama, Music, Mystery",7.8,"$1,324,974"
Three Colors: Blue,0.0,0,"Drama, Music, Mystery",7.8,"$1,324,974"
Three Colors: Blue,0.0,0,"Drama, Music, Mystery",7.8,"$1,324,974"
Three Colors: White,0.0,0,"Comedy, Drama, Mystery",7.6,"$1,237,219"
Three Colors: White,0.0,0,"Comedy, Drama, Mystery",7.6,"$1,237,219"
Three Colors: White,0.0,0,"Comedy, Drama, Mystery",7.6,"$1,237,219"
Rent-a-Kid,0.0,0,"Comedy, Family, TV Movie",5.4,N/A
Rent-a-Kid,0.0,0,"Comedy, Family, TV Movie",5.4,N/A
Rent-a-Kid,0.0,0,"Comedy, Family, TV Movie",5.4,N/A
Relative Fear,0.0,0,"Horror, Drama",5.5,N/A
Relative Fear,0.0,0,"Horror, Drama",5.5,N/A
Relative Fear,0.0,0,"Horror, Drama",5.5,N/A
Stuart Saves His Family,0.0,0,"Comedy, Drama",5.3,"$912,082"
Stuart Saves His Family,0.0,0,"Comedy, Drama",5.3,"$912,082"
The Swan Princess,9771658.0,35000000,Animation,6.4,"$9,771,658"
The Swan Princess,9771658.0,35000000,Animation,6.4,"$9,771,658"
The Swan Princess,9771658.0,35000000,Animation,6.4,"$9,771,658"
The Secret of Roan Inish,0.0,0,"Drama, Family, Fantasy",7.4,"$6,159,269"
The Secret of Roan Inish,0.0,0,"Drama, Family, Fantasy",7.4,"$6,159,269"
The Secret of Roan Inish,0.0,0,"Drama, Family, Fantasy",7.4,"$6,159,269"
The Specialist,170362582.0,45000000,"Action, Thriller",5.6,"$57,362,582"
The Specialist,170362582.0,45000000,"Action, Thriller",5.6,"$57,362,582"
The Specialist,170362582.0,45000000,"Action, Thriller",5.6,"$57,362,582"
Stargate,196567262.0,55000000,"Action, Adventure, Science Fiction",7.0,"$71,567,262"
Stargate,196567262.0,55000000,"Action, Adventure, Science Fiction",7.0,"$71,567,262"
Stargate,196567262.0,55000000,"Action, Adventure, Science Fiction",7.0,"$71,567,262"
The Santa Clause,189833357.0,22000000,"Fantasy, Drama, Comedy, Family",6.6,"$145,539,357"
The Santa Clause,189833357.0,22000000,"Fantasy, Drama, Comedy, Family",6.6,"$145,539,357"
The Santa Clause,189833357.0,22000000,"Fantasy, Drama, Comedy, Family",6.6,"$145,539,357"
The Shawshank Redemption,28341469.0,25000000,"Drama, Crime",9.3,"$28,767,189"
Shallow Grave,0.0,0,"Crime, Thriller",7.2,"$2,079,569"
Shallow Grave,0.0,0,"Crime, Thriller",7.2,"$2,079,569"
Shallow Grave,0.0,0,"Crime, Thriller",7.2,"$2,079,569"
Suture,102780.0,0,"Drama, Thriller",6.5,"$102,780"
Suture,102780.0,0,"Drama, Thriller",6.5,"$102,780"
Swimming with Sharks,0.0,0,"Crime, Comedy",7.0,"$382,928"
Swimming with Sharks,0.0,0,"Crime, Comedy",7.0,"$382,928"
The Sum of Us,0.0,32,"Comedy, Drama, Romance",7.3,"$766,464"
The Sum of Us,0.0,32,"Comedy, Drama, Romance",7.3,"$766,464"
Senior Trip,0.0,0,Comedy,4.4,N/A
Senior Trip,0.0,0,Comedy,4.4,N/A
To Live,0.0,0,"Drama, Romance, War",8.3,"$2,332,728"
To Live,0.0,0,"Drama, Romance, War",8.3,"$2,332,728"
Tank Girl,4064495.0,25000000,"Action, Comedy, Fantasy, Science Fiction",5.4,"$4,064,495"
Tank Girl,4064495.0,25000000,"Action, Comedy, Fantasy, Science Fiction",5.4,"$4,064,495"
Tank Girl,4064495.0,25000000,"Action, Comedy, Fantasy, Science Fiction",5.4,"$4,064,495"
Tales from the Crypt: Demon Knight,0.0,0,"Horror, Comedy, Thriller",6.7,"$21,089,146"
Tales from the Crypt: Demon Knight,0.0,0,"Horror, Comedy, Thriller",6.7,"$21,089,146"
Tales from the Crypt: Demon Knight,0.0,0,"Horror, Comedy, Thriller",6.7,"$21,089,146"
Star Trek: Generations,120000000.0,38000000,"Science Fiction, Action, Adventure, Thriller",6.6,"$75,671,125"
Star Trek: Generations,120000000.0,38000000,"Science Fiction, Action, Adventure, Thriller",6.6,"$75,671,125"
Star Trek: Generations,120000000.0,38000000,"Science Fiction, Action, Adventure, Thriller",6.6,"$75,671,125"
Tales from the Hood,12000000.0,6000000,"Crime, Horror, Thriller",6.5,"$11,837,928"
Tales from the Hood,12000000.0,6000000,"Crime, Horror, Thriller",6.5,"$11,837,928"
Tales from the Hood,12000000.0,6000000,"Crime, Horror, Thriller",6.5,"$11,837,928"
Village of the Damned,0.0,0,"Thriller, Horror, Science Fiction",5.6,"$9,418,365"
Village of the Damned,0.0,0,"Thriller, Horror, Science Fiction",5.6,"$9,418,365"
Village of the Damned,0.0,0,"Thriller, Horror, Science Fiction",5.6,"$9,418,365"
Tommy Boy,32648673.0,0,Comedy,7.1,"$32,679,899"
Tommy Boy,32648673.0,0,Comedy,7.1,"$32,679,899"
Vanya on 42nd Street,0.0,0,"Drama, Romance",7.3,"$1,746,050"
Vanya on 42nd Street,0.0,0,"Drama, Romance",7.3,"$1,746,050"
Vanya on 42nd Street,0.0,0,"Drama, Romance",7.3,"$1,746,050"
The Underneath,0.0,6500000,"Thriller, Crime",6.1,"$536,023"
The Underneath,0.0,6500000,"Thriller, Crime",6.1,"$536,023"
The Walking Dead,0.0,0,"Drama, War",8.1,
The Walking Dead,0.0,0,"Drama, War",8.1,
The Walking Dead,0.0,0,"Drama, War",8.1,
What's Eating Gilbert Grape,10032765.0,11000000,"Romance, Drama",7.7,"$10,032,765"
Virtuosity,24048000.0,30000000,"Action, Crime, Science Fiction, Thriller",5.5,"$24,047,675"
Virtuosity,24048000.0,30000000,"Action, Crime, Science Fiction, Thriller",5.5,"$24,047,675"
Virtuosity,24048000.0,30000000,"Action, Crime, Science Fiction, Thriller",5.5,"$24,047,675"
While You Were Sleeping,182057016.0,17000000,"Comedy, Drama, Romance",6.8,"$81,057,016"
While You Were Sleeping,182057016.0,17000000,"Comedy, Drama, Romance",6.8,"$81,057,016"
While You Were Sleeping,182057016.0,17000000,"Comedy, Drama, Romance",6.8,"$81,057,016"
The War,0.0,0,Drama,6.8,"$16,928,556"
The War,0.0,0,Drama,6.8,"$16,928,556"
The War,0.0,0,Drama,6.8,"$16,928,556"
Double Happiness,759393.0,0,"Comedy, Romance",7.1,"$759,393"
Double Happiness,759393.0,0,"Comedy, Romance",7.1,"$759,393"
Muriel's Wedding,15119639.0,3000000,"Drama, Comedy, Romance",7.3,"$15,119,639"
Muriel's Wedding,15119639.0,3000000,"Drama, Comedy, Romance",7.3,"$15,119,639"
The Baby-Sitters Club,0.0,0,"Comedy, Drama, Family",5.7,"$9,685,976"
The Baby-Sitters Club,0.0,0,"Comedy, Drama, Family",5.7,"$9,685,976"
The Baby-Sitters Club,0.0,0,"Comedy, Drama, Family",5.7,"$9,685,976"
Ace Ventura: Pet Detective,107217396.0,15000000,"Comedy, Mystery",6.9,"$72,217,396"
"The Adventures of Priscilla, Queen of the Desert",11220670.0,0,"Drama, Comedy",7.5,"$11,220,670"
"The Adventures of Priscilla, Queen of the Desert",11220670.0,0,"Drama, Comedy",7.5,"$11,220,670"
Backbeat,0.0,0,"Drama, Music",6.6,"$2,392,589"
Backbeat,0.0,0,"Drama, Music",6.6,"$2,392,589"
Backbeat,0.0,0,"Drama, Music",6.6,"$2,392,589"
Bitter Moon,1862805.0,5000000,"Thriller, Drama, Romance",7.2,"$1,862,805"
Bitter Moon,1862805.0,5000000,"Thriller, Drama, Romance",7.2,"$1,862,805"
Bitter Moon,1862805.0,5000000,"Thriller, Drama, Romance",7.2,"$1,862,805"
Bullets Over Broadway,0.0,0,"Action, Comedy, Thriller",7.4,"$13,383,747"
Bullets Over Broadway,0.0,0,"Action, Comedy, Thriller",7.4,"$13,383,747"
Clear and Present Danger,215887717.0,62000000,"Action, Drama, Thriller",6.9,"$122,187,717"
Clear and Present Danger,215887717.0,62000000,"Action, Drama, Thriller",6.9,"$122,187,717"
Clear and Present Danger,215887717.0,62000000,"Action, Drama, Thriller",6.9,"$122,187,717"
The Client,117615211.0,45000000,"Drama, Thriller, Crime, Mystery",6.7,"$92,115,211"
The Client,117615211.0,45000000,"Drama, Thriller, Crime, Mystery",6.7,"$92,115,211"
The Client,117615211.0,45000000,"Drama, Thriller, Crime, Mystery",6.7,"$92,115,211"
"Corrina, Corrina",0.0,0,"Comedy, Drama, Family, Romance",6.6,"$20,164,171"
"Corrina, Corrina",0.0,0,"Comedy, Drama, Family, Romance",6.6,"$20,164,171"
"Corrina, Corrina",0.0,0,"Comedy, Drama, Family, Romance",6.6,"$20,164,171"
Crooklyn,0.0,0,"Comedy, Drama",7.0,"$13,642,861"
Crooklyn,0.0,0,"Comedy, Drama",7.0,"$13,642,861"
The Crow,94000000.0,15000000,"Fantasy, Action, Thriller",7.5,"$50,693,129"
The Crow,94000000.0,15000000,"Fantasy, Action, Thriller",7.5,"$50,693,129"
The Crow,94000000.0,15000000,"Fantasy, Action, Thriller",7.5,"$50,693,129"
Cobb,1007583.0,0,Drama,6.4,"$1,007,583"
Cobb,1007583.0,0,Drama,6.4,"$1,007,583"
Cobb,1007583.0,0,Drama,6.4,"$1,007,583"
The Flintstones,341631208.0,46000000,"Fantasy, Comedy, Family",5.0,"$130,531,208"
The Flintstones,341631208.0,46000000,"Fantasy, Comedy, Family",5.0,"$130,531,208"
The Flintstones,341631208.0,46000000,"Fantasy, Comedy, Family",5.0,"$130,531,208"
Forrest Gump,677945399.0,55000000,"Comedy, Drama, Romance",8.8,"$330,455,270"
Forrest Gump,677945399.0,55000000,"Comedy, Drama, Romance",8.8,"$330,455,270"
Four Weddings and a Funeral,254700832.0,6000000,"Comedy, Drama, Romance",7.1,"$52,700,832"
Four Weddings and a Funeral,254700832.0,6000000,"Comedy, Drama, Romance",7.1,"$52,700,832"
Four Weddings and a Funeral,254700832.0,6000000,"Comedy, Drama, Romance",7.1,"$52,700,832"
Higher Learning,38290723.0,0,"Romance, Drama, Crime",6.5,"$38,290,723"
Higher Learning,38290723.0,0,"Romance, Drama, Crime",6.5,"$38,290,723"
Higher Learning,38290723.0,0,"Romance, Drama, Crime",6.5,"$38,290,723"
I Like It Like That,1777020.0,0,"Comedy, Drama, Romance",6.7,"$1,760,527"
I Like It Like That,1777020.0,0,"Comedy, Drama, Romance",6.7,"$1,760,527"
I Like It Like That,1777020.0,0,"Comedy, Drama, Romance",6.7,"$1,760,527"
I Love Trouble,61947267.0,45000000,"Action, Comedy, Romance",5.3,"$30,806,194"
I Love Trouble,61947267.0,45000000,"Action, Comedy, Romance",5.3,"$30,806,194"
I Love Trouble,61947267.0,45000000,"Action, Comedy, Romance",5.3,"$30,806,194"
It Could Happen to You,0.0,0,"Comedy, Drama, Romance",6.4,"$37,939,757"
It Could Happen to You,0.0,0,"Comedy, Drama, Romance",6.4,"$37,939,757"
It Could Happen to You,0.0,0,"Comedy, Drama, Romance",6.4,"$37,939,757"
The Jungle Book,0.0,0,"Adventure, Drama, Family",7.3,"$364,001,123"
The Jungle Book,0.0,0,"Adventure, Drama, Family",7.3,"$364,001,123"
The Jungle Book,0.0,0,"Adventure, Drama, Family",7.3,"$364,001,123"
"The Wonderful, Horrible Life of Leni Riefenstahl",449707.0,0,"Documentary, Foreign",8.0,"$449,707"
"The Wonderful, Horrible Life of Leni Riefenstahl",449707.0,0,"Documentary, Foreign",8.0,"$449,707"
"The Wonderful, Horrible Life of Leni Riefenstahl",449707.0,0,"Documentary, Foreign",8.0,"$449,707"
The Lion King,788241776.0,45000000,"Family, Animation, Drama",8.5,"$424,979,720"
The Lion King,788241776.0,45000000,"Family, Animation, Drama",8.5,"$424,979,720"
The Lion King,788241776.0,45000000,"Family, Animation, Drama",8.5,"$424,979,720"
Little Buddha,4858139.0,35000000,"Drama, History",6.1,"$4,858,139"
New Nightmare,18090181.0,14000000,"Horror, Thriller, Mystery, Fantasy",6.4,"$18,090,181"
New Nightmare,18090181.0,14000000,"Horror, Thriller, Mystery, Fantasy",6.4,"$18,090,181"
New Nightmare,18090181.0,14000000,"Horror, Thriller, Mystery, Fantasy",6.4,"$18,090,181"
The Mask,351583407.0,23000000,"Romance, Comedy, Crime, Fantasy",7.0,"$119,938,730"
The Mask,351583407.0,23000000,"Romance, Comedy, Crime, Fantasy",7.0,"$119,938,730"
The Mask,351583407.0,23000000,"Romance, Comedy, Crime, Fantasy",7.0,"$119,938,730"
Maverick,0.0,0,"Action, Adventure, Comedy, Drama, Western",7.0,"$101,631,272"
Maverick,0.0,0,"Action, Adventure, Comedy, Drama, Western",7.0,"$101,631,272"
Maverick,0.0,0,"Action, Adventure, Comedy, Drama, Western",7.0,"$101,631,272"
Mrs. Parker and the Vicious Circle,0.0,0,Drama,6.4,"$2,144,667"
Mrs. Parker and the Vicious Circle,0.0,0,Drama,6.4,"$2,144,667"
The Paper,0.0,6000000,"Comedy, Drama",6.7,"$38,824,341"
The Paper,0.0,6000000,"Comedy, Drama",6.7,"$38,824,341"
Reality Bites,20079850.0,11500000,Drama,6.6,"$20,982,557"
Reality Bites,20079850.0,11500000,Drama,6.6,"$20,982,557"
Reality Bites,20079850.0,11500000,Drama,6.6,"$20,982,557"
Red Rock West,2000000.0,8000000,"Crime, Drama, Thriller",7.0,"$2,502,551"
Red Rock West,2000000.0,8000000,"Crime, Drama, Thriller",7.0,"$2,502,551"
Red Rock West,2000000.0,8000000,"Crime, Drama, Thriller",7.0,"$2,502,551"
Ri¢hie Ri¢h,0.0,40000000,"Comedy, Family",6.0,
Ri¢hie Ri¢h,0.0,40000000,"Comedy, Family",6.0,
Ri¢hie Ri¢h,0.0,40000000,"Comedy, Family",6.0,
Safe Passage,0.0,0,Drama,6.3,"$1,618,282"
The River Wild,0.0,45000000,"Action, Adventure, Crime, Thriller",6.5,"$46,816,343"
The River Wild,0.0,45000000,"Action, Adventure, Crime, Thriller",6.5,"$46,816,343"
The River Wild,0.0,45000000,"Action, Adventure, Crime, Thriller",6.5,"$46,816,343"
Speed,350448145.0,30000000,"Action, Adventure, Crime",7.3,"$121,248,145"
Speed,350448145.0,30000000,"Action, Adventure, Crime",7.3,"$121,248,145"
Speed,350448145.0,30000000,"Action, Adventure, Crime",7.3,"$121,248,145"
Speechless,0.0,0,"Comedy, Romance",7.6,
Timecop,101646581.0,27000000,"Thriller, Science Fiction, Action, Crime",5.9,"$44,853,581"
Timecop,101646581.0,27000000,"Thriller, Science Fiction, Action, Crime",5.9,"$44,853,581"
Timecop,101646581.0,27000000,"Thriller, Science Fiction, Action, Crime",5.9,"$44,853,581"
True Lies,378882411.0,115000000,"Action, Thriller",7.3,"$146,282,411"
True Lies,378882411.0,115000000,"Action, Thriller",7.3,"$146,282,411"
True Lies,378882411.0,115000000,"Action, Thriller",7.3,"$146,282,411"
When a Man Loves a Woman,50021959.0,0,"Drama, Romance",6.6,"$50,021,959"
When a Man Loves a Woman,50021959.0,0,"Drama, Romance",6.6,"$50,021,959"
Wolf,0.0,0,Fantasy,6.3,"$65,002,597"
Wolf,0.0,0,Fantasy,6.3,"$65,002,597"
Wolf,0.0,0,Fantasy,6.3,"$65,002,597"
Wyatt Earp,25052000.0,63000000,"Drama, Action, Western",6.7,"$25,052,000"
Wyatt Earp,25052000.0,63000000,"Drama, Action, Western",6.7,"$25,052,000"
Wyatt Earp,25052000.0,63000000,"Drama, Action, Western",6.7,"$25,052,000"
Bad Company,0.0,0,"Action, Crime, Romance, Thriller",5.6,"$30,160,161"
Bad Company,0.0,0,"Action, Crime, Romance, Thriller",5.6,"$30,160,161"
Bad Company,0.0,0,"Action, Crime, Romance, Thriller",5.6,"$30,160,161"
A Man of No Importance,953.0,0,"Comedy, Drama",6.7,"$920,916"
A Man of No Importance,953.0,0,"Comedy, Drama",6.7,"$920,916"
S.F.W.,0.0,0,"Comedy, Drama",5.7,"$63,513"
S.F.W.,0.0,0,"Comedy, Drama",5.7,"$63,513"
A Low Down Dirty Shame,29392418.0,10000000,"Action, Comedy, Crime",5.9,"$29,392,418"
A Low Down Dirty Shame,29392418.0,10000000,"Action, Comedy, Crime",5.9,"$29,392,418"
A Low Down Dirty Shame,29392418.0,10000000,"Action, Comedy, Crime",5.9,"$29,392,418"
"Boys Life: Three Stories of Love, Lust, and Liberation",0.0,0,Drama,7.3,"$625,423"
Colonel Chabert,0.0,0,Drama,6.9,"$464,284"
Colonel Chabert,0.0,0,Drama,6.9,"$464,284"
Colonel Chabert,0.0,0,Drama,6.9,"$464,284"
"Faster, Pussycat! Kill! Kill!",0.0,45000,"Action, Crime",6.6,N/A
"Faster, Pussycat! Kill! Kill!",0.0,45000,"Action, Crime",6.6,N/A
Jason's Lyric,20851521.0,7000000,"Crime, Drama, Romance",6.6,"$20,851,521"
Jason's Lyric,20851521.0,7000000,"Crime, Drama, Romance",6.6,"$20,851,521"
Jason's Lyric,20851521.0,7000000,"Crime, Drama, Romance",6.6,"$20,851,521"
The Secret Adventures of Tom Thumb,0.0,0,"Animation, Science Fiction",7.2,"$70,441"
The Secret Adventures of Tom Thumb,0.0,0,"Animation, Science Fiction",7.2,"$70,441"
The Secret Adventures of Tom Thumb,0.0,0,"Animation, Science Fiction",7.2,"$70,441"
Street Fighter,99423521.0,35000000,"Action, Adventure, Thriller",4.1,"$33,423,521"
Street Fighter,99423521.0,35000000,"Action, Adventure, Thriller",4.1,"$33,423,521"
Street Fighter,99423521.0,35000000,"Action, Adventure, Thriller",4.1,"$33,423,521"
Coldblooded,0.0,0,"Action, Comedy",6.7,"$16,198"
Coldblooded,0.0,0,"Action, Comedy",6.7,"$16,198"
Coldblooded,0.0,0,"Action, Comedy",6.7,"$16,198"
Desert Winds,0.0,0,,5.7,N/A
Desert Winds,0.0,0,,5.7,N/A
Desert Winds,0.0,0,,5.7,N/A
Fall Time,0.0,0,"Action, Adventure, Crime, Drama, Thriller",5.3,N/A
Fall Time,0.0,0,"Action, Adventure, Crime, Drama, Thriller",5.3,N/A
The Fear,0.0,0,"Horror, Thriller",3.9,N/A
Frank and Ollie,0.0,0,Documentary,7.6,N/A
Girl in the Cadillac,0.0,0,"Romance, Adventure, Crime, Drama",4.8,N/A
Girl in the Cadillac,0.0,0,"Romance, Adventure, Crime, Drama",4.8,N/A
Girl in the Cadillac,0.0,0,"Romance, Adventure, Crime, Drama",4.8,N/A
Homage,0.0,0,"Thriller, Drama",5.6,N/A
Homage,0.0,0,"Thriller, Drama",5.6,N/A
Homage,0.0,0,"Thriller, Drama",5.6,N/A
Mirage,0.0,0,"Action, Thriller",7.4,N/A
Mirage,0.0,0,"Action, Thriller",7.4,N/A
Mirage,0.0,0,"Action, Thriller",7.4,N/A
Open Season,0.0,0,Comedy,6.1,"$85,105,259"
Open Season,0.0,0,Comedy,6.1,"$85,105,259"
Open Season,0.0,0,Comedy,6.1,"$85,105,259"
Brother Minister: The Assassination of Malcolm X,0.0,0,Documentary,7.3,"$41,430"
Highlander: The Final Dimension,36800000.0,26000000,"Action, Fantasy, Science Fiction",4.5,"$12,303,080"
Highlander: The Final Dimension,36800000.0,26000000,"Action, Fantasy, Science Fiction",4.5,"$12,303,080"
Highlander: The Final Dimension,36800000.0,26000000,"Action, Fantasy, Science Fiction",4.5,"$12,303,080"
Federal Hill,0.0,0,,6.3,"$514,775"
Federal Hill,0.0,0,,6.3,"$514,775"
In the Mouth of Madness,8946600.0,8000000,"Horror, Mystery, Thriller",7.1,"$8,924,549"
In the Mouth of Madness,8946600.0,8000000,"Horror, Mystery, Thriller",7.1,"$8,924,549"
In the Mouth of Madness,8946600.0,8000000,"Horror, Mystery, Thriller",7.1,"$8,924,549"
8 Seconds,0.0,0,"Drama, Romance",6.6,"$19,623,396"
8 Seconds,0.0,0,"Drama, Romance",6.6,"$19,623,396"
8 Seconds,0.0,0,"Drama, Romance",6.6,"$19,623,396"
Above the Rim,0.0,0,"Crime, Drama",6.6,"$16,192,320"
Above the Rim,0.0,0,"Crime, Drama",6.6,"$16,192,320"
Above the Rim,0.0,0,"Crime, Drama",6.6,"$16,192,320"
Addams Family Values,48919043.0,0,"Comedy, Family, Fantasy",6.9,"$48,919,043"
Addams Family Values,48919043.0,0,"Comedy, Family, Fantasy",6.9,"$48,919,043"
Martin Lawrence: You So Crazy,0.0,0,Comedy,6.6,"$10,184,701"
Martin Lawrence: You So Crazy,0.0,0,Comedy,6.6,"$10,184,701"
The Age of Innocence,32255440.0,34000000,"Drama, Romance",7.2,"$32,255,440"
The Age of Innocence,32255440.0,34000000,"Drama, Romance",7.2,"$32,255,440"
Airheads,0.0,0,"Comedy, Crime, Music",6.2,"$5,751,882"
Airheads,0.0,0,"Comedy, Crime, Music",6.2,"$5,751,882"
Airheads,0.0,0,"Comedy, Crime, Music",6.2,"$5,751,882"
The Air Up There,21011500.0,17080000,"Comedy, Family",5.6,"$21,011,318"
The Air Up There,21011500.0,17080000,"Comedy, Family",5.6,"$21,011,318"
The Air Up There,21011500.0,17080000,"Comedy, Family",5.6,"$21,011,318"
Another Stakeout,0.0,0,"Action, Comedy",5.6,"$20,208,496"
Another Stakeout,0.0,0,"Action, Comedy",5.6,"$20,208,496"
Bad Girls,15240435.0,0,"Action, Adventure, Comedy, Drama, Western",5.2,"$15,240,435"
Bad Girls,15240435.0,0,"Action, Adventure, Comedy, Drama, Western",5.2,"$15,240,435"
Bad Girls,15240435.0,0,"Action, Adventure, Comedy, Drama, Western",5.2,"$15,240,435"
Barcelona,0.0,3200000,"Comedy, Drama, Romance",7.0,"$7,266,973"
Barcelona,0.0,3200000,"Comedy, Drama, Romance",7.0,"$7,266,973"
Barcelona,0.0,3200000,"Comedy, Drama, Romance",7.0,"$7,266,973"
Being Human,0.0,40000000,"Drama, Comedy, Fantasy",7.8,
Being Human,0.0,40000000,"Drama, Comedy, Fantasy",7.8,
Being Human,0.0,40000000,"Drama, Comedy, Fantasy",7.8,
The Beverly Hillbillies,0.0,0,Comedy,5.0,"$44,029,386"
The Beverly Hillbillies,0.0,0,Comedy,5.0,"$44,029,386"
Beverly Hills Cop III,119208989.0,50000000,"Action, Comedy, Crime",5.5,"$42,614,912"
Beverly Hills Cop III,119208989.0,50000000,"Action, Comedy, Crime",5.5,"$42,614,912"
Beverly Hills Cop III,119208989.0,50000000,"Action, Comedy, Crime",5.5,"$42,614,912"
Black Beauty,0.0,0,"Action, Adventure, Drama, Family",6.6,"$4,630,377"
Black Beauty,0.0,0,"Action, Adventure, Drama, Family",6.6,"$4,630,377"
Black Beauty,0.0,0,"Action, Adventure, Drama, Family",6.6,"$4,630,377"
Blink,16668552.0,0,"Mystery, Crime, Drama, Thriller",6.2,"$16,696,219"
Blink,16668552.0,0,"Mystery, Crime, Drama, Thriller",6.2,"$16,696,219"
Blink,16668552.0,0,"Mystery, Crime, Drama, Thriller",6.2,"$16,696,219"
Blown Away,30156002.0,0,"Drama, Action, Thriller",6.2,"$30,156,002"
Blown Away,30156002.0,0,"Drama, Action, Thriller",6.2,"$30,156,002"
Blown Away,30156002.0,0,"Drama, Action, Thriller",6.2,"$30,156,002"
Blue Chips,0.0,0,Drama,6.3,"$23,070,663"
Blue Chips,0.0,0,Drama,6.3,"$23,070,663"
Blue Sky,0.0,0,"Drama, Romance",6.4,"$3,359,465"
Blue Sky,0.0,0,"Drama, Romance",6.4,"$3,359,465"
Body Snatchers,428868.0,13000000,"Horror, Science Fiction, Thriller",6.0,"$428,868"
Body Snatchers,428868.0,13000000,"Horror, Science Fiction, Thriller",6.0,"$428,868"
Boxing Helena,1796389.0,0,"Drama, Romance",4.7,"$1,796,389"
Boxing Helena,1796389.0,0,"Drama, Romance",4.7,"$1,796,389"
Boxing Helena,1796389.0,0,"Drama, Romance",4.7,"$1,796,389"
A Bronx Tale,17287898.0,22000000,"Drama, Crime",7.8,"$17,287,898"
A Bronx Tale,17287898.0,22000000,"Drama, Crime",7.8,"$17,287,898"
Cabin Boy,3662459.0,0,Comedy,5.3,"$3,662,459"
Cabin Boy,3662459.0,0,Comedy,5.3,"$3,662,459"
Cabin Boy,3662459.0,0,Comedy,5.3,"$3,662,459"
Calendar Girl,2570145.0,13000000,"Drama, Comedy",5.1,"$2,570,550"
Calendar Girl,2570145.0,13000000,"Drama, Comedy",5.1,"$2,570,550"
Carlito's Way,36516012.0,30000000,"Action, Crime, Drama, Thriller",7.9,"$36,948,322"
Carlito's Way,36516012.0,30000000,"Action, Crime, Drama, Thriller",7.9,"$36,948,322"
Carlito's Way,36516012.0,30000000,"Action, Crime, Drama, Thriller",7.9,"$36,948,322"
City Slickers II: The Legend of Curly's Gold,0.0,0,"Action, Comedy, Drama, Western",5.6,"$43,622,150"
City Slickers II: The Legend of Curly's Gold,0.0,0,"Action, Comedy, Drama, Western",5.6,"$43,622,150"
Clean Slate,7355425.0,0,"Comedy, Thriller, Mystery",7.3,"$11,527"
Clean Slate,7355425.0,0,"Comedy, Thriller, Mystery",7.3,"$11,527"
Clean Slate,7355425.0,0,"Comedy, Thriller, Mystery",7.3,"$11,527"
Cliffhanger,255000211.0,70000000,"Action, Adventure, Thriller",6.5,"$84,049,211"
Cliffhanger,255000211.0,70000000,"Action, Adventure, Thriller",6.5,"$84,049,211"
Cliffhanger,255000211.0,70000000,"Action, Adventure, Thriller",6.5,"$84,049,211"
Coneheads,0.0,0,"Comedy, Science Fiction, Family",5.5,"$21,274,717"
Coneheads,0.0,0,"Comedy, Science Fiction, Family",5.5,"$21,274,717"
Color of Night,19726050.0,40000000,"Drama, Mystery, Romance, Thriller",5.2,"$19,726,050"
Color of Night,19726050.0,40000000,"Drama, Mystery, Romance, Thriller",5.2,"$19,726,050"
Color of Night,19726050.0,40000000,"Drama, Mystery, Romance, Thriller",5.2,"$19,726,050"
The Cowboy Way,0.0,0,"Western, Action, Comedy",5.9,"$20,280,016"
The Cowboy Way,0.0,0,"Western, Action, Comedy",5.9,"$20,280,016"
The Cowboy Way,0.0,0,"Western, Action, Comedy",5.9,"$20,280,016"
Dangerous Game,0.0,0,Drama,5.6,"$23,671"
Dave,63000000.0,0,Comedy,6.9,"$63,270,710"
Dave,63000000.0,0,Comedy,6.9,"$63,270,710"
Dazed and Confused,7993039.0,6900000,"Comedy, Drama",7.6,"$8,249,404"
Demolition Man,159055768.0,57000000,"Crime, Action, Science Fiction",6.7,"$58,055,768"
Demolition Man,159055768.0,57000000,"Crime, Action, Science Fiction",6.7,"$58,055,768"
Demolition Man,159055768.0,57000000,"Crime, Action, Science Fiction",6.7,"$58,055,768"
The Endless Summer 2,0.0,0,Documentary,7.6,"$2,155,385"
The Endless Summer 2,0.0,0,Documentary,7.6,"$2,155,385"
The Endless Summer 2,0.0,0,Documentary,7.6,"$2,155,385"
Even Cowgirls Get the Blues,0.0,8000000,"Western, Drama, Comedy, Romance",4.3,"$1,708,873"
Even Cowgirls Get the Blues,0.0,8000000,"Western, Drama, Comedy, Romance",4.3,"$1,708,873"
Even Cowgirls Get the Blues,0.0,8000000,"Western, Drama, Comedy, Romance",4.3,"$1,708,873"
Fatal Instinct,0.0,0,Comedy,5.7,"$7,839,327"
Fatal Instinct,0.0,0,Comedy,5.7,"$7,839,327"
Fatal Instinct,0.0,0,Comedy,5.7,"$7,839,327"
Farewell My Concubine,0.0,0,Drama,8.1,"$5,549,086"
Farewell My Concubine,0.0,0,Drama,8.1,"$5,549,086"
Farewell My Concubine,0.0,0,Drama,8.1,"$5,549,086"
The Favor,0.0,0,"Drama, Comedy, Romance",5.2,"$3,134,381"
The Favor,0.0,0,"Drama, Comedy, Romance",5.2,"$3,134,381"
Fearless,0.0,0,Drama,7.6,"$24,633,730"
Fearless,0.0,0,Drama,7.6,"$24,633,730"
Fearless,0.0,0,Drama,7.6,"$24,633,730"
Fear of a Black Hat,0.0,0,Comedy,7.2,"$233,824"
Fear of a Black Hat,0.0,0,Comedy,7.2,"$233,824"
With Honors,0.0,0,"Comedy, Drama",6.7,"$20,016,254"
With Honors,0.0,0,"Comedy, Drama",6.7,"$20,016,254"
Flesh and Bone,9488998.0,0,"Drama, Mystery, Romance",7.8,
Widows' Peak,0.0,0,"Comedy, Thriller, Mystery, Romance, Foreign",6.7,"$6,243,722"
Widows' Peak,0.0,0,"Comedy, Thriller, Mystery, Romance, Foreign",6.7,"$6,243,722"
Widows' Peak,0.0,0,"Comedy, Thriller, Mystery, Romance, Foreign",6.7,"$6,243,722"
For Love or Money,11146270.0,30000000,"Comedy, Romance",6.2,"$11,146,270"
For Love or Money,11146270.0,30000000,"Comedy, Romance",6.2,"$11,146,270"
For Love or Money,11146270.0,30000000,"Comedy, Romance",6.2,"$11,146,270"
The Firm,270248367.0,42000000,"Drama, Mystery, Thriller",6.9,"$158,348,367"
The Firm,270248367.0,42000000,"Drama, Mystery, Thriller",6.9,"$158,348,367"
The Firm,270248367.0,42000000,"Drama, Mystery, Thriller",6.9,"$158,348,367"
Free Willy,153698625.0,20000000,"Family, Adventure",6.1,"$77,709,806"
Free Willy,153698625.0,20000000,"Family, Adventure",6.1,"$77,709,806"
Free Willy,153698625.0,20000000,"Family, Adventure",6.1,"$77,709,806"
Fresh,0.0,0,"Crime, Drama, Thriller",6.7,N/A
Fresh,0.0,0,"Crime, Drama, Thriller",6.7,N/A
Fresh,0.0,0,"Crime, Drama, Thriller",6.7,N/A
The Fugitive,368875760.0,44000000,"Adventure, Action, Thriller, Crime, Mystery",7.8,"$183,875,760"
The Fugitive,368875760.0,44000000,"Adventure, Action, Thriller, Crime, Mystery",7.8,"$183,875,760"
The Fugitive,368875760.0,44000000,"Adventure, Action, Thriller, Crime, Mystery",7.8,"$183,875,760"
Geronimo: An American Legend,18635620.0,35000000,"History, Action, Drama, Western",6.5,"$18,635,620"
Geronimo: An American Legend,18635620.0,35000000,"History, Action, Drama, Western",6.5,"$18,635,620"
Geronimo: An American Legend,18635620.0,35000000,"History, Action, Drama, Western",6.5,"$18,635,620"
The Getaway,30.0,0,"Drama, Action, Thriller",7.3,N/A
The Getaway,30.0,0,"Drama, Action, Thriller",7.3,N/A
The Getaway,30.0,0,"Drama, Action, Thriller",7.3,N/A
Getting Even with Dad,0.0,30000000,"Family, Comedy, Crime",4.9,"$18,869,594"
Getting Even with Dad,0.0,30000000,"Family, Comedy, Crime",4.9,"$18,869,594"
Getting Even with Dad,0.0,30000000,"Family, Comedy, Crime",4.9,"$18,869,594"
Go Fish,0.0,0,"Drama, Romance",5.7,"$2,405,285"
Go Fish,0.0,0,"Drama, Romance",5.7,"$2,405,285"
Go Fish,0.0,0,"Drama, Romance",5.7,"$2,405,285"
A Good Man in Africa,0.0,0,"Comedy, Drama",5.0,"$2,308,390"
Guilty as Sin,22886222.0,0,"Drama, Thriller",5.7,"$22,866,222"
Guilty as Sin,22886222.0,0,"Drama, Thriller",5.7,"$22,866,222"
Guilty as Sin,22886222.0,0,"Drama, Thriller",5.7,"$22,866,222"
Hard Target,74189677.0,18000000,"Action, Adventure, Crime, Thriller",6.2,"$32,589,677"
Hard Target,74189677.0,18000000,"Action, Adventure, Crime, Thriller",6.2,"$32,589,677"
Hard Target,74189677.0,18000000,"Action, Adventure, Crime, Thriller",6.2,"$32,589,677"
Hot Shots! Part Deux,133752825.0,25000000,"Action, Comedy, War",6.6,"$38,922,972"
Hot Shots! Part Deux,133752825.0,25000000,"Action, Comedy, War",6.6,"$38,922,972"
Live Nude Girls,0.0,0,Comedy,5.2,"$23,808"
The Englishman Who Went Up a Hill But Came Down a Mountain,0.0,0,"Drama, Comedy, Romance",6.6,"$10,904,930"
The Englishman Who Went Up a Hill But Came Down a Mountain,0.0,0,"Drama, Comedy, Romance",6.6,"$10,904,930"
The Englishman Who Went Up a Hill But Came Down a Mountain,0.0,0,"Drama, Comedy, Romance",6.6,"$10,904,930"
The House of the Spirits,0.0,25000000,"Romance, Drama",6.9,"$6,265,311"
The House of the Spirits,0.0,25000000,"Romance, Drama",6.9,"$6,265,311"
House Party 3,0.0,0,Comedy,4.7,"$19,281,235"
House Party 3,0.0,0,Comedy,4.7,"$19,281,235"
The Hudsucker Proxy,0.0,30000000,"Comedy, Drama",7.2,"$2,816,518"
The Hudsucker Proxy,0.0,30000000,"Comedy, Drama",7.2,"$2,816,518"
The Hudsucker Proxy,0.0,30000000,"Comedy, Drama",7.2,"$2,816,518"
I'll Do Anything,0.0,40000000,"Comedy, Drama",5.5,"$10,424,645"
I'll Do Anything,0.0,40000000,"Comedy, Drama",5.5,"$10,424,645"
In the Army Now,28881266.0,0,Comedy,4.9,"$28,881,266"
In the Army Now,28881266.0,0,Comedy,4.9,"$28,881,266"
In the Line of Fire,176997168.0,40000000,"Action, Drama, Thriller, Crime, Mystery",7.2,"$102,314,823"
In the Line of Fire,176997168.0,40000000,"Action, Drama, Thriller, Crime, Mystery",7.2,"$102,314,823"
In the Line of Fire,176997168.0,40000000,"Action, Drama, Thriller, Crime, Mystery",7.2,"$102,314,823"
In the Name of the Father,65796862.0,13000000,Drama,8.1,"$25,096,862"
In the Name of the Father,65796862.0,13000000,Drama,8.1,"$25,096,862"
In the Name of the Father,65796862.0,13000000,Drama,8.1,"$25,096,862"
The Inkwell,8880705.0,0,"Comedy, Drama, Romance",6.3,"$8,880,705"
The Inkwell,8880705.0,0,"Comedy, Drama, Romance",6.3,"$8,880,705"
The Inkwell,8880705.0,0,"Comedy, Drama, Romance",6.3,"$8,880,705"
What's Love Got to Do with It,0.0,0,"Drama, Music",7.4,"$39,100,956"
What's Love Got to Do with It,0.0,0,"Drama, Music",7.4,"$39,100,956"
What's Love Got to Do with It,0.0,0,"Drama, Music",7.4,"$39,100,956"
Jimmy Hollywood,0.0,30000000,Comedy,5.3,"$3,783,003"
Jimmy Hollywood,0.0,30000000,Comedy,5.3,"$3,783,003"
Jimmy Hollywood,0.0,30000000,Comedy,5.3,"$3,783,003"
Judgment Night,12136938.0,0,"Action, Thriller, Crime",6.6,"$12,526,677"
Judgment Night,12136938.0,0,"Action, Thriller, Crime",6.6,"$12,526,677"
Judgment Night,12136938.0,0,"Action, Thriller, Crime",6.6,"$12,526,677"
Jurassic Park,920100000.0,63000000,"Adventure, Science Fiction",8.2,"$407,185,075"
Jurassic Park,920100000.0,63000000,"Adventure, Science Fiction",8.2,"$407,185,075"
Jurassic Park,920100000.0,63000000,"Adventure, Science Fiction",8.2,"$407,185,075"
Kalifornia,2395231.0,9000000,"Thriller, Crime",6.7,"$2,395,231"
Kalifornia,2395231.0,9000000,"Thriller, Crime",6.7,"$2,395,231"
Kalifornia,2395231.0,9000000,"Thriller, Crime",6.7,"$2,395,231"
Killing Zoe,418961.0,1500000,"Action, Crime, Drama, Thriller",6.4,"$418,961"
Killing Zoe,418961.0,1500000,"Action, Crime, Drama, Thriller",6.4,"$418,961"
Killing Zoe,418961.0,1500000,"Action, Crime, Drama, Thriller",6.4,"$418,961"
King of the Hill,0.0,0,Drama,7.6,
King of the Hill,0.0,0,Drama,7.6,
King of the Hill,0.0,0,Drama,7.6,
Lassie,0.0,0,"Action, Adventure, Drama, Family",5.8,"$9,979,683"
Lassie,0.0,0,"Action, Adventure, Drama, Family",5.8,"$9,979,683"
Last Action Hero,137298489.0,85000000,"Adventure, Fantasy, Action, Comedy, Family",6.5,"$50,016,394"
Last Action Hero,137298489.0,85000000,"Adventure, Fantasy, Action, Comedy, Family",6.5,"$50,016,394"
Last Action Hero,137298489.0,85000000,"Adventure, Fantasy, Action, Comedy, Family",6.5,"$50,016,394"
Lightning Jack,0.0,0,"Action, Comedy, Western",5.5,"$16,821,273"
Lightning Jack,0.0,0,"Action, Comedy, Western",5.5,"$16,821,273"
M. Butterfly,1499795.0,0,"Drama, Romance",6.7,"$1,498,795"
M. Butterfly,1499795.0,0,"Drama, Romance",6.7,"$1,498,795"
Made in America,0.0,22000000,Comedy,5.1,"$44,942,695"
Malice,46405336.0,0,"Drama, Crime",6.5,"$46,405,336"
Malice,46405336.0,0,"Drama, Crime",6.5,"$46,405,336"
Malice,46405336.0,0,"Drama, Crime",6.5,"$46,405,336"
Manhattan Murder Mystery,11285588.0,13500000,"Comedy, Mystery",7.3,"$11,330,911"
Manhattan Murder Mystery,11285588.0,13500000,"Comedy, Mystery",7.3,"$11,330,911"
Menace II Society,27900000.0,3500000,"Drama, Action, Crime",7.5,"$27,912,072"
Menace II Society,27900000.0,3500000,"Drama, Action, Crime",7.5,"$27,912,072"
Menace II Society,27900000.0,3500000,"Drama, Action, Crime",7.5,"$27,912,072"
Executive Decision,121969216.0,55000000,"Action, Adventure, Drama, Thriller",6.5,"$56,569,216"
Executive Decision,121969216.0,55000000,"Action, Adventure, Drama, Thriller",6.5,"$56,569,216"
Executive Decision,121969216.0,55000000,"Action, Adventure, Drama, Thriller",6.5,"$56,569,216"
In the Realm of the Senses,0.0,0,"Drama, Romance",6.6,N/A
In the Realm of the Senses,0.0,0,"Drama, Romance",6.6,N/A
What Happened Was...,0.0,0,"Thriller, Comedy, Drama, Romance",7.2,N/A
What Happened Was...,0.0,0,"Thriller, Comedy, Drama, Romance",7.2,N/A
What Happened Was...,0.0,0,"Thriller, Comedy, Drama, Romance",7.2,N/A
Much Ado About Nothing,0.0,8000000,"Drama, Comedy, Romance",7.3,"$22,549,338"
Much Ado About Nothing,0.0,8000000,"Drama, Comedy, Romance",7.3,"$22,549,338"
Much Ado About Nothing,0.0,8000000,"Drama, Comedy, Romance",7.3,"$22,549,338"
Mr. Jones,0.0,0,"Drama, Romance",6.9,N/A
Mr. Jones,0.0,0,"Drama, Romance",6.9,N/A
Mr. Jones,0.0,0,"Drama, Romance",6.9,N/A
Mr. Wonderful,0.0,0,"Comedy, Romance",5.9,"$3,125,424"
Mr. Wonderful,0.0,0,"Comedy, Romance",5.9,"$3,125,424"
Mrs. Doubtfire,441286195.0,25000000,"Comedy, Drama, Family",7.1,"$219,195,243"
Mrs. Doubtfire,441286195.0,25000000,"Comedy, Drama, Family",7.1,"$219,195,243"
Mrs. Doubtfire,441286195.0,25000000,"Comedy, Drama, Family",7.1,"$219,195,243"
Naked,0.0,0,"Comedy, Drama",7.7,"$1,769,305"
Naked,0.0,0,"Comedy, Drama",7.7,"$1,769,305"
The Next Karate Kid,15826984.0,12000000,Adventure,4.6,"$8,914,777"
The Next Karate Kid,15826984.0,12000000,Adventure,4.6,"$8,914,777"
The Next Karate Kid,15826984.0,12000000,Adventure,4.6,"$8,914,777"
The New Age,0.0,0,"Comedy, Drama",5.7,"$245,217"
The New Age,0.0,0,"Comedy, Drama",5.7,"$245,217"
No Escape,15340000.0,20000000,"Action, Drama, Science Fiction, Thriller",6.8,"$27,288,872"
No Escape,15340000.0,20000000,"Action, Drama, Science Fiction, Thriller",6.8,"$27,288,872"
North,0.0,40000000,"Comedy, Drama, Family, Fantasy, Science Fiction",4.5,"$7,182,747"
North,0.0,40000000,"Comedy, Drama, Family, Fantasy, Science Fiction",4.5,"$7,182,747"
North,0.0,40000000,"Comedy, Drama, Family, Fantasy, Science Fiction",4.5,"$7,182,747"
Orlando,0.0,4000000,"Romance, Drama, Fantasy",7.1,"$5,377,643"
Orlando,0.0,4000000,"Romance, Drama, Fantasy",7.1,"$5,377,643"
Orlando,0.0,4000000,"Romance, Drama, Fantasy",7.1,"$5,377,643"
A Perfect World,135130999.0,30000000,"Crime, Drama, Thriller",7.5,"$31,130,999"
A Perfect World,135130999.0,30000000,"Crime, Drama, Thriller",7.5,"$31,130,999"
A Perfect World,135130999.0,30000000,"Crime, Drama, Thriller",7.5,"$31,130,999"
Philadelphia,206678440.0,26000000,Drama,7.7,"$77,446,440"
The Piano,116700000.0,7000000,"Drama, Romance",7.5,"$40,157,856"
The Piano,116700000.0,7000000,"Drama, Romance",7.5,"$40,157,856"
The Piano,116700000.0,7000000,"Drama, Romance",7.5,"$40,157,856"
Poetic Justice,27515786.0,14000000,"Drama, Romance",6.1,"$27,515,786"
Poetic Justice,27515786.0,14000000,"Drama, Romance",6.1,"$27,515,786"
The Program,23042200.0,0,Drama,6.5,"$13,074"
The Program,23042200.0,0,Drama,6.5,"$13,074"
The Program,23042200.0,0,Drama,6.5,"$13,074"
The Puppet Masters,8638072.0,0,"Horror, Science Fiction, Thriller",5.9,"$8,647,042"
The Puppet Masters,8638072.0,0,"Horror, Science Fiction, Thriller",5.9,"$8,647,042"
The Puppet Masters,8638072.0,0,"Horror, Science Fiction, Thriller",5.9,"$8,647,042"
Radioland Murders,0.0,0,"Comedy, Crime, Drama, Music, Mystery, Romance",6.1,"$1,316,865"
Radioland Murders,0.0,0,"Comedy, Crime, Drama, Music, Mystery, Romance",6.1,"$1,316,865"
Radioland Murders,0.0,0,"Comedy, Crime, Drama, Music, Mystery, Romance",6.1,"$1,316,865"
The Ref,11439193.0,11000000,Comedy,6.9,"$11,439,193"
The Ref,11439193.0,11000000,Comedy,6.9,"$11,439,193"
The Ref,11439193.0,11000000,Comedy,6.9,"$11,439,193"
The Remains of the Day,23237911.0,11500000,"Drama, Romance",7.8,"$23,237,911"
The Remains of the Day,23237911.0,11500000,"Drama, Romance",7.8,"$23,237,911"
Renaissance Man,24332324.0,40000000,"Comedy, War",6.2,"$24,332,324"
Renaissance Man,24332324.0,40000000,"Comedy, War",6.2,"$24,332,324"
Rising Sun,107198790.0,0,"Action, Drama, Thriller",6.3,"$63,179,523"
Rising Sun,107198790.0,0,"Action, Drama, Thriller",6.3,"$63,179,523"
Rising Sun,107198790.0,0,"Action, Drama, Thriller",6.3,"$63,179,523"
The Road to Wellville,0.0,0,"Comedy, Romance",5.9,"$6,562,513"
The Road to Wellville,0.0,0,"Comedy, Romance",5.9,"$6,562,513"
RoboCop 3,10696210.0,22000000,"Action, Adventure, Crime, Science Fiction, Thriller",4.2,"$10,696,210"
RoboCop 3,10696210.0,22000000,"Action, Adventure, Crime, Science Fiction, Thriller",4.2,"$10,696,210"
RoboCop 3,10696210.0,22000000,"Action, Adventure, Crime, Science Fiction, Thriller",4.2,"$10,696,210"
Robin Hood: Men in Tights,35739755.0,20000000,Comedy,6.7,"$35,739,755"
Robin Hood: Men in Tights,35739755.0,20000000,Comedy,6.7,"$35,739,755"
Robin Hood: Men in Tights,35739755.0,20000000,Comedy,6.7,"$35,739,755"
Romeo Is Bleeding,3275585.0,11500000,"Action, Crime, Drama, Thriller",6.5,"$3,275,585"
Romeo Is Bleeding,3275585.0,11500000,"Action, Crime, Drama, Thriller",6.5,"$3,275,585"
Romeo Is Bleeding,3275585.0,11500000,"Action, Crime, Drama, Thriller",6.5,"$3,275,585"
Romper Stomper,0.0,0,"Action, Drama, Thriller",6.8,"$175,340"
Romper Stomper,0.0,0,"Action, Drama, Thriller",6.8,"$175,340"
Romper Stomper,0.0,0,"Action, Drama, Thriller",6.8,"$175,340"
Ruby in Paradise,1001437.0,800000,"Drama, Romance",6.9,"$1,001,437"
Ruby in Paradise,1001437.0,800000,"Drama, Romance",6.9,"$1,001,437"
Rudy,22750363.0,12000000,Drama,7.5,"$22,881,563"
Rudy,22750363.0,12000000,Drama,7.5,"$22,881,563"
Rudy,22750363.0,12000000,Drama,7.5,"$22,881,563"
The Saint of Fort Washington,0.0,0,Drama,7.0,"$134,454"
Savage Nights,0.0,0,Drama,6.8,"$662,341"
Savage Nights,0.0,0,Drama,6.8,"$662,341"
Savage Nights,0.0,0,Drama,6.8,"$662,341"
Schindler's List,321365567.0,22000000,"Drama, History, War",9.0,"$96,898,818"
Schindler's List,321365567.0,22000000,"Drama, History, War",9.0,"$96,898,818"
Schindler's List,321365567.0,22000000,"Drama, History, War",9.0,"$96,898,818"
The Scout,0.0,0,"Comedy, Drama",5.4,"$2,694,234"
The Scout,0.0,0,"Comedy, Drama",5.4,"$2,694,234"
The Scout,0.0,0,"Comedy, Drama",5.4,"$2,694,234"
Searching for Bobby Fischer,7266383.0,0,Drama,7.4,"$7,266,383"
Searching for Bobby Fischer,7266383.0,0,Drama,7.4,"$7,266,383"
Searching for Bobby Fischer,7266383.0,0,Drama,7.4,"$7,266,383"
Second Best,0.0,0,Drama,6.8,"$86,115"
The Secret Garden,0.0,0,"Drama, Family, Fantasy",7.3,"$31,181,347"
The Secret Garden,0.0,0,"Drama, Family, Fantasy",7.3,"$31,181,347"
The Secret Garden,0.0,0,"Drama, Family, Fantasy",7.3,"$31,181,347"
Serial Mom,7820688.0,13000000,"Comedy, Crime, Horror, Thriller",6.8,"$7,820,688"
Serial Mom,7820688.0,13000000,"Comedy, Crime, Horror, Thriller",6.8,"$7,820,688"
Serial Mom,7820688.0,13000000,"Comedy, Crime, Horror, Thriller",6.8,"$7,820,688"
The Shadow,48063435.0,25000000,"Adventure, Fantasy, Action, Thriller, Science Fiction",6.1,"$32,063,435"
The Shadow,48063435.0,25000000,"Adventure, Fantasy, Action, Thriller, Science Fiction",6.1,"$32,063,435"
The Shadow,48063435.0,25000000,"Adventure, Fantasy, Action, Thriller, Science Fiction",6.1,"$32,063,435"
Shadowlands,0.0,22000000,"Drama, Romance",7.3,"$25,842,377"
Shadowlands,0.0,22000000,"Drama, Romance",7.3,"$25,842,377"
Shadowlands,0.0,22000000,"Drama, Romance",7.3,"$25,842,377"
Short Cuts,6110979.0,0,"Comedy, Drama",7.6,"$6,110,979"
Short Cuts,6110979.0,0,"Comedy, Drama",7.6,"$6,110,979"
A Simple Twist of Fate,0.0,0,"Drama, Family",6.3,"$3,430,583"
A Simple Twist of Fate,0.0,0,"Drama, Family",6.3,"$3,430,583"
Sirens,7770731.0,0,"Comedy, Drama",6.7,
Sirens,7770731.0,0,"Comedy, Drama",6.7,
Six Degrees of Separation,0.0,0,"Mystery, Drama, Comedy",6.8,"$6,405,918"
Six Degrees of Separation,0.0,0,"Mystery, Drama, Comedy",6.8,"$6,405,918"
Six Degrees of Separation,0.0,0,"Mystery, Drama, Comedy",6.8,"$6,405,918"
Sleepless in Seattle,227799884.0,21000000,"Comedy, Drama, Romance",6.8,"$126,808,165"
Sleepless in Seattle,227799884.0,21000000,"Comedy, Drama, Romance",6.8,"$126,808,165"
Sleepless in Seattle,227799884.0,21000000,"Comedy, Drama, Romance",6.8,"$126,808,165"
Sliver,116300000.0,40000000,"Drama, Thriller",5.1,"$36,300,000"
Sliver,116300000.0,40000000,"Drama, Thriller",5.1,"$36,300,000"
Blade Runner,33139618.0,28000000,"Science Fiction, Drama, Thriller",8.1,"$32,914,489"
Blade Runner,33139618.0,28000000,"Science Fiction, Drama, Thriller",8.1,"$32,914,489"
Blade Runner,33139618.0,28000000,"Science Fiction, Drama, Thriller",8.1,"$32,914,489"
Son in Law,36448200.0,0,"Comedy, Drama, Romance",5.9,"$36,448,400"
Son in Law,36448200.0,0,"Comedy, Drama, Romance",5.9,"$36,448,400"
Son in Law,36448200.0,0,"Comedy, Drama, Romance",5.9,"$36,448,400"
So I Married an Axe Murderer,11585483.0,20000000,"Comedy, Crime, Romance",6.5,"$11,585,483"
So I Married an Axe Murderer,11585483.0,20000000,"Comedy, Crime, Romance",6.5,"$11,585,483"
Striking Distance,0.0,30,"Crime, Action, Mystery, Thriller",5.9,"$24,107,867"
Striking Distance,0.0,30,"Crime, Action, Mystery, Thriller",5.9,"$24,107,867"
Striking Distance,0.0,30,"Crime, Action, Mystery, Thriller",5.9,"$24,107,867"
Harem,0.0,0,"History, Drama, Romance",4.7,N/A
Harem,0.0,0,"History, Drama, Romance",4.7,N/A
Harem,0.0,0,"History, Drama, Romance",4.7,N/A
Super Mario Bros.,20915465.0,48000000,"Adventure, Comedy, Family, Fantasy",4.2,"$20,915,465"
Super Mario Bros.,20915465.0,48000000,"Adventure, Comedy, Family, Fantasy",4.2,"$20,915,465"
Super Mario Bros.,20915465.0,48000000,"Adventure, Comedy, Family, Fantasy",4.2,"$20,915,465"
Surviving the Game,7690013.0,7400000,"Action, Adventure, Thriller, Crime",6.2,"$7,727,256"
Surviving the Game,7690013.0,7400000,"Action, Adventure, Thriller, Crime",6.2,"$7,727,256"
Surviving the Game,7690013.0,7400000,"Action, Adventure, Thriller, Crime",6.2,"$7,727,256"
Terminal Velocity,16478900.0,50000000,"Action, Thriller",5.5,"$16,487,349"
Terminal Velocity,16478900.0,50000000,"Action, Thriller",5.5,"$16,487,349"
Terminal Velocity,16478900.0,50000000,"Action, Thriller",5.5,"$16,487,349"
Thirty Two Short Films About Glenn Gould,0.0,0,"Drama, Music",7.3,"$1,319,521"
Thirty Two Short Films About Glenn Gould,0.0,0,"Drama, Music",7.3,"$1,319,521"
Thirty Two Short Films About Glenn Gould,0.0,0,"Drama, Music",7.3,"$1,319,521"
Threesome,0.0,0,"Comedy, Drama, Family, Romance",6.3,"$14,815,317"
Threesome,0.0,0,"Comedy, Drama, Family, Romance",6.3,"$14,815,317"
Threesome,0.0,0,"Comedy, Drama, Family, Romance",6.3,"$14,815,317"
The Nightmare Before Christmas,75634409.0,18000000,"Fantasy, Animation, Family",7.9,"$94,707,435"
The Nightmare Before Christmas,75634409.0,18000000,"Fantasy, Animation, Family",7.9,"$94,707,435"
The Nightmare Before Christmas,75634409.0,18000000,"Fantasy, Animation, Family",7.9,"$94,707,435"
The Three Musketeers,53898845.0,30000000,"Action, Adventure, Comedy",5.7,"$20,374,484"
The Three Musketeers,53898845.0,30000000,"Action, Adventure, Comedy",5.7,"$20,374,484"
The Three Musketeers,53898845.0,30000000,"Action, Adventure, Comedy",5.7,"$20,374,484"
Tombstone,56505065.0,25000000,"Action, Adventure, Drama, History, Western",7.8,"$56,505,065"
Tombstone,56505065.0,25000000,"Action, Adventure, Drama, History, Western",7.8,"$56,505,065"
Tombstone,56505065.0,25000000,"Action, Adventure, Drama, History, Western",7.8,"$56,505,065"
Trial by Jury,0.0,0,"Drama, Action, Thriller",5.4,"$6,971,777"
Trial by Jury,0.0,0,"Drama, Action, Thriller",5.4,"$6,971,777"
Trial by Jury,0.0,0,"Drama, Action, Thriller",5.4,"$6,971,777"
True Romance,12281551.0,12500000,"Action, Thriller, Crime, Romance",7.9,"$12,281,551"
True Romance,12281551.0,12500000,"Action, Thriller, Crime, Romance",7.9,"$12,281,551"
True Romance,12281551.0,12500000,"Action, Thriller, Crime, Romance",7.9,"$12,281,551"
The War Room,0.0,0,"Documentary, History",7.4,"$901,668"
The War Room,0.0,0,"Documentary, History",7.4,"$901,668"
The Pagemaster,13670688.0,27000000,"Fantasy, Science Fiction, Family, Animation",6.2,"$13,670,688"
The Pagemaster,13670688.0,27000000,"Fantasy, Science Fiction, Family, Animation",6.2,"$13,670,688"
The Pagemaster,13670688.0,27000000,"Fantasy, Science Fiction, Family, Animation",6.2,"$13,670,688"
"Paris, France",0.0,0,"Drama, Comedy",5.1,"$44,159"
"Paris, France",0.0,0,"Drama, Comedy",5.1,"$44,159"
"Paris, France",0.0,0,"Drama, Comedy",5.1,"$44,159"
"The Beans of Egypt, Maine",0.0,0,,5.4,"$73,956"
Welcome to the Dollhouse,0.0,0,"Comedy, Drama",7.4,"$4,569,019"
Welcome to the Dollhouse,0.0,0,"Comedy, Drama",7.4,"$4,569,019"
Germinal,0.0,0,"Drama, Romance",7.1,N/A
Germinal,0.0,0,"Drama, Romance",7.1,N/A
Chasers,1596687.0,0,"Comedy, Romance",5.2,"$1,596,687"
Chasers,1596687.0,0,"Comedy, Romance",5.2,"$1,596,687"
Chasers,1596687.0,0,"Comedy, Romance",5.2,"$1,596,687"
Cronos,0.0,0,"Drama, Horror, Thriller",6.7,"$621,392"
Cronos,0.0,0,"Drama, Horror, Thriller",6.7,"$621,392"
Cronos,0.0,0,"Drama, Horror, Thriller",6.7,"$621,392"
Naked in New York,0.0,0,"Comedy, Romance",5.6,"$1,038,959"
Naked in New York,0.0,0,"Comedy, Romance",5.6,"$1,038,959"
Kika,0.0,0,"Comedy, Drama",6.5,"$2,019,581"
Bhaji on the Beach,0.0,0,"Comedy, Drama",6.4,"$734,634"
Bhaji on the Beach,0.0,0,"Comedy, Drama",6.4,"$734,634"
Bhaji on the Beach,0.0,0,"Comedy, Drama",6.4,"$734,634"
Little Big League,0.0,0,"Comedy, Family",6.2,"$12,267,790"
Little Big League,0.0,0,"Comedy, Family",6.2,"$12,267,790"
Little Big League,0.0,0,"Comedy, Family",6.2,"$12,267,790"
The Slingshot,0.0,0,Drama,6.5,"$308,368"
Foreign Student,0.0,0,"Drama, Romance",5.9,"$113,727"
"Ciao, Professore!",0.0,0,"Comedy, Foreign",6.9,"$1,113,435"
Spanking the Monkey,0.0,200000,"Comedy, Drama",6.3,"$1,359,736"
Spanking the Monkey,0.0,200000,"Comedy, Drama",6.3,"$1,359,736"
The Little Rascals,67308282.0,0,"Romance, Comedy, Family",6.3,"$52,125,282"
The Little Rascals,67308282.0,0,"Romance, Comedy, Family",6.3,"$52,125,282"
The Little Rascals,67308282.0,0,"Romance, Comedy, Family",6.3,"$52,125,282"
À la mode,0.0,0,Comedy,5.7,"$236,090"
Andre,0.0,0,"Drama, Family, Adventure",5.7,"$16,820,893"
Andre,0.0,0,"Drama, Family, Adventure",5.7,"$16,820,893"
Andre,0.0,0,"Drama, Family, Adventure",5.7,"$16,820,893"
The Escort,0.0,0,"Thriller, Crime, Drama",6.0,N/A
The Escort,0.0,0,"Thriller, Crime, Drama",6.0,N/A
The Escort,0.0,0,"Thriller, Crime, Drama",6.0,N/A
Princess Caraboo,3021629.0,0,"Comedy, Drama, History, Mystery",6.0,"$3,062,530"
Princess Caraboo,3021629.0,0,"Comedy, Drama, History, Mystery",6.0,"$3,062,530"
Princess Caraboo,3021629.0,0,"Comedy, Drama, History, Mystery",6.0,"$3,062,530"
The Celluloid Closet,0.0,0,"History, Documentary",7.8,"$1,400,591"
The Celluloid Closet,0.0,0,"History, Documentary",7.8,"$1,400,591"
Dear Diary,0.0,0,"Comedy, Drama",7.2,N/A
Dear Diary,0.0,0,"Comedy, Drama",7.2,N/A
Dear Diary,0.0,0,"Comedy, Drama",7.2,N/A
I Don't Want to Talk About It,0.0,0,"Romance, Drama",6.9,"$249,530"
I Don't Want to Talk About It,0.0,0,"Romance, Drama",6.9,"$249,530"
The Brady Bunch Movie,0.0,0,Comedy,6.2,"$46,576,136"
Home Alone,476684675.0,18000000,"Comedy, Family",7.8,"$285,761,243"
Home Alone,476684675.0,18000000,"Comedy, Family",7.8,"$285,761,243"
Ghost,505000000.0,22000000,"Fantasy, Drama, Thriller, Mystery, Romance",7.1,"$217,631,306"
Ghost,505000000.0,22000000,"Fantasy, Drama, Thriller, Mystery, Romance",7.1,"$217,631,306"
Ghost,505000000.0,22000000,"Fantasy, Drama, Thriller, Mystery, Romance",7.1,"$217,631,306"
Aladdin,504050219.0,28000000,"Animation, Family, Comedy, Adventure, Fantasy, Romance",8.0,"$217,350,219"
Aladdin,504050219.0,28000000,"Animation, Family, Comedy, Adventure, Fantasy, Romance",8.0,"$217,350,219"
Aladdin,504050219.0,28000000,"Animation, Family, Comedy, Adventure, Fantasy, Romance",8.0,"$217,350,219"
Terminator 2: Judgment Day,520000000.0,100000000,"Action, Thriller, Science Fiction",8.6,"$205,881,154"
Terminator 2: Judgment Day,520000000.0,100000000,"Action, Thriller, Science Fiction",8.6,"$205,881,154"
Terminator 2: Judgment Day,520000000.0,100000000,"Action, Thriller, Science Fiction",8.6,"$205,881,154"
Dances with Wolves,424208848.0,22000000,"Adventure, Drama, Western",8.0,"$184,208,848"
Dances with Wolves,424208848.0,22000000,"Adventure, Drama, Western",8.0,"$184,208,848"
Dances with Wolves,424208848.0,22000000,"Adventure, Drama, Western",8.0,"$184,208,848"
Tough and Deadly,0.0,0,"Thriller, Action, Drama",5.8,N/A
Tough and Deadly,0.0,0,"Thriller, Action, Drama",5.8,N/A
Tough and Deadly,0.0,0,"Thriller, Action, Drama",5.8,N/A
Batman,411348924.0,35000000,"Fantasy, Action",7.5,"$251,409,241"
Batman,411348924.0,35000000,"Fantasy, Action",7.5,"$251,409,241"
The Silence of the Lambs,272742922.0,19000000,"Crime, Drama, Thriller",8.6,"$130,742,922"
The Silence of the Lambs,272742922.0,19000000,"Crime, Drama, Thriller",8.6,"$130,742,922"
The Silence of the Lambs,272742922.0,19000000,"Crime, Drama, Thriller",8.6,"$130,742,922"
Snow White and the Seven Dwarfs,184925486.0,1488423,"Fantasy, Animation, Family",7.6,"$184,925,486"
Snow White and the Seven Dwarfs,184925486.0,1488423,"Fantasy, Animation, Family",7.6,"$184,925,486"
Snow White and the Seven Dwarfs,184925486.0,1488423,"Fantasy, Animation, Family",7.6,"$184,925,486"
Beauty and the Beast,377350553.0,25000000,"Romance, Family, Animation, Fantasy, Music",8.0,"$218,967,620"
Beauty and the Beast,377350553.0,25000000,"Romance, Family, Animation, Fantasy, Music",8.0,"$218,967,620"
Beauty and the Beast,377350553.0,25000000,"Romance, Family, Animation, Fantasy, Music",8.0,"$218,967,620"
Pinocchio,84300000.0,2600000,"Animation, Family",7.5,"$84,254,167"
Pinocchio,84300000.0,2600000,"Animation, Family",7.5,"$84,254,167"
Pinocchio,84300000.0,2600000,"Animation, Family",7.5,"$84,254,167"
Pretty Woman,463000000.0,14000000,"Romance, Comedy",7.1,"$178,406,268"
Pretty Woman,463000000.0,14000000,"Romance, Comedy",7.1,"$178,406,268"
Window to Paris,0.0,0,"Comedy, Drama, Fantasy",7.3,"$255,088"
Window to Paris,0.0,0,"Comedy, Drama, Fantasy",7.3,"$255,088"
Window to Paris,0.0,0,"Comedy, Drama, Fantasy",7.3,"$255,088"
The Wild Bunch,638641.0,6244087,"Adventure, Western",7.9,"$638,641"
The Wild Bunch,638641.0,6244087,"Adventure, Western",7.9,"$638,641"
The Wild Bunch,638641.0,6244087,"Adventure, Western",7.9,"$638,641"
Love and a .45,0.0,0,"Crime, Thriller",6.0,"$35,200"
Love and a .45,0.0,0,"Crime, Thriller",6.0,"$35,200"
Love and a .45,0.0,0,"Crime, Thriller",6.0,"$35,200"
The Wooden Man's Bride,0.0,0,"Drama, Foreign, Romance",6.8,"$59,945"
The Wooden Man's Bride,0.0,0,"Drama, Foreign, Romance",6.8,"$59,945"
A Great Day in Harlem,0.0,0,,7.4,"$527,034"
A Great Day in Harlem,0.0,0,,7.4,"$527,034"
Bye Bye Love,0.0,0,"Comedy, Romance",6.2,"$12,096,673"
Bye Bye Love,0.0,0,"Comedy, Romance",6.2,"$12,096,673"
Bye Bye Love,0.0,0,"Comedy, Romance",6.2,"$12,096,673"
One Fine Day,97529550.0,0,"Comedy, Romance",6.5,"$46,151,454"
One Fine Day,97529550.0,0,"Comedy, Romance",6.5,"$46,151,454"
One Fine Day,97529550.0,0,"Comedy, Romance",6.5,"$46,151,454"
Candyman: Farewell to the Flesh,13940383.0,0,Horror,5.3,"$13,940,383"
Candyman: Farewell to the Flesh,13940383.0,0,Horror,5.3,"$13,940,383"
Fargo,60611975.0,7000000,"Crime, Drama, Thriller",8.1,"$24,611,975"
Fargo,60611975.0,7000000,"Crime, Drama, Thriller",8.1,"$24,611,975"
Fargo,60611975.0,7000000,"Crime, Drama, Thriller",8.1,"$24,611,975"
Homeward Bound II: Lost in San Francisco,32709423.0,0,"Adventure, Comedy, Drama, Family",5.9,"$32,772,492"
Homeward Bound II: Lost in San Francisco,32709423.0,0,"Adventure, Comedy, Drama, Family",5.9,"$32,772,492"
Homeward Bound II: Lost in San Francisco,32709423.0,0,"Adventure, Comedy, Drama, Family",5.9,"$32,772,492"
Heavy Metal,0.0,9300000,"Animation, Science Fiction",6.6,"$546,545"
Heavy Metal,0.0,9300000,"Animation, Science Fiction",6.6,"$546,545"
Heavy Metal,0.0,9300000,"Animation, Science Fiction",6.6,"$546,545"
Hellraiser: Bloodline,16675000.0,4000000,"Horror, Thriller, Science Fiction",5.1,"$9,336,886"
Hellraiser: Bloodline,16675000.0,4000000,"Horror, Thriller, Science Fiction",5.1,"$9,336,886"
The Pallbearer,0.0,8000000,"Comedy, Romance",5.0,"$5,656,388"
The Pallbearer,0.0,8000000,"Comedy, Romance",5.0,"$5,656,388"
Jane Eyre,0.0,0,"Drama, Romance",7.3,"$11,242,660"
Jane Eyre,0.0,0,"Drama, Romance",7.3,"$11,242,660"
Jane Eyre,0.0,0,"Drama, Romance",7.3,"$11,242,660"
Loaded,0.0,500000,"Drama, Mystery, Thriller",4.5,N/A
Loaded,0.0,500000,"Drama, Mystery, Thriller",4.5,N/A
Loaded,0.0,500000,"Drama, Mystery, Thriller",4.5,N/A
Bread and Chocolate,0.0,0,"Comedy, Foreign",7.5,N/A
Bread and Chocolate,0.0,0,"Comedy, Foreign",7.5,N/A
The Aristocats,55675257.0,4000000,"Animation, Comedy, Family, Adventure",7.1,"$59,000,000"
The Aristocats,55675257.0,4000000,"Animation, Comedy, Family, Adventure",7.1,"$59,000,000"
The Aristocats,55675257.0,4000000,"Animation, Comedy, Family, Adventure",7.1,"$59,000,000"
The Flower of My Secret,0.0,0,"Drama, Romance",7.0,"$1,104,622"
The Flower of My Secret,0.0,0,"Drama, Romance",7.0,"$1,104,622"
Two Much,0.0,0,"Comedy, Romance",5.4,"$1,141,556"
Two Much,0.0,0,"Comedy, Romance",5.4,"$1,141,556"
Ed,0.0,0,"Comedy, Family",2.7,"$4,422,380"
Ed,0.0,0,"Comedy, Family",2.7,"$4,422,380"
Ed,0.0,0,"Comedy, Family",2.7,"$4,422,380"
Scream of Stone,0.0,0,"Adventure, Drama, Documentary",6.2,N/A
My Favorite Season,0.0,0,Drama,6.9,"$873,857"
My Favorite Season,0.0,0,Drama,6.9,"$873,857"
A Modern Affair,0.0,0,,5.7,"$14,286"
A Modern Affair,0.0,0,,5.7,"$14,286"
A Modern Affair,0.0,0,,5.7,"$14,286"
Condition Red,0.0,0,"Thriller, Action, Drama",4.8,N/A
Condition Red,0.0,0,"Thriller, Action, Drama",4.8,N/A
Condition Red,0.0,0,"Thriller, Action, Drama",4.8,N/A
Halfaouine: Boy of the Terraces,0.0,0,"Comedy, Drama",6.7,N/A
Halfaouine: Boy of the Terraces,0.0,0,"Comedy, Drama",6.7,N/A
A Thin Line Between Love and Hate,0.0,0,"Comedy, Thriller, Crime, Romance",5.7,"$34,767,836"
A Thin Line Between Love and Hate,0.0,0,"Comedy, Thriller, Crime, Romance",5.7,"$34,767,836"
A Thin Line Between Love and Hate,0.0,0,"Comedy, Thriller, Crime, Romance",5.7,"$34,767,836"
The Last Supper,442965.0,0,"Comedy, Thriller, Crime, Drama",6.7,"$459,749"
The Last Supper,442965.0,0,"Comedy, Thriller, Crime, Drama",6.7,"$459,749"
The Last Supper,442965.0,0,"Comedy, Thriller, Crime, Drama",6.7,"$459,749"
Primal Fear,102616183.0,30000000,"Crime, Drama, Mystery, Thriller",7.7,"$56,116,183"
Primal Fear,102616183.0,30000000,"Crime, Drama, Mystery, Thriller",7.7,"$56,116,183"
Primal Fear,102616183.0,30000000,"Crime, Drama, Mystery, Thriller",7.7,"$56,116,183"
Rude,0.0,0,,6.1,N/A
Rude,0.0,0,,6.1,N/A
Carried Away,0.0,0,"Drama, Romance",6.3,"$290,978"
Carried Away,0.0,0,"Drama, Romance",6.3,"$290,978"
All Dogs Go to Heaven 2,8620678.0,0,"Romance, Animation, Family, Adventure, Fantasy",5.5,"$8,620,678"
All Dogs Go to Heaven 2,8620678.0,0,"Romance, Animation, Family, Adventure, Fantasy",5.5,"$8,620,678"
All Dogs Go to Heaven 2,8620678.0,0,"Romance, Animation, Family, Adventure, Fantasy",5.5,"$8,620,678"
Land and Freedom,0.0,0,"Drama, History, War, Romance",7.5,"$228,800"
Land and Freedom,0.0,0,"Drama, History, War, Romance",7.5,"$228,800"
Denise Calls Up,0.0,0,Comedy,6.6,"$148,121"
Theodore Rex,0.0,33500000,"Fantasy, Science Fiction, Family",2.4,N/A
Theodore Rex,0.0,33500000,"Fantasy, Science Fiction, Family",2.4,N/A
Theodore Rex,0.0,33500000,"Fantasy, Science Fiction, Family",2.4,N/A
A Family Thing,0.0,0,"Comedy, Drama",7.1,"$10,125,417"
A Family Thing,0.0,0,"Comedy, Drama",7.1,"$10,125,417"
Frisk,0.0,0,"Drama, Thriller",4.9,"$87,433"
Frisk,0.0,0,"Drama, Thriller",4.9,"$87,433"
Sgt. Bilko,0.0,0,"Comedy, Family",5.9,"$30,356,793"
Girl 6,4939939.0,12000000,Comedy,5.4,"$4,939,939"
Girl 6,4939939.0,12000000,Comedy,5.4,"$4,939,939"
Diabolique,0.0,0,"Drama, Horror, Mystery, Thriller",8.1,N/A
Diabolique,0.0,0,"Drama, Horror, Mystery, Thriller",8.1,N/A
Diabolique,0.0,0,"Drama, Horror, Mystery, Thriller",8.1,N/A
"Little Indian, Big City",0.0,0,"Adventure, Drama, Comedy, Family",5.7,"$722,182"
"Little Indian, Big City",0.0,0,"Adventure, Drama, Comedy, Family",5.7,"$722,182"
"Little Indian, Big City",0.0,0,"Adventure, Drama, Comedy, Family",5.7,"$722,182"
Roula,0.0,0,"Romance, Drama",5.9,N/A
Happy Weekend,65335.0,0,Comedy,5.3,N/A
Courage Under Fire,100860818.0,46000000,"Drama, Thriller, Mystery, War",6.6,"$59,031,057"
Courage Under Fire,100860818.0,46000000,"Drama, Thriller, Mystery, War",6.6,"$59,031,057"
Courage Under Fire,100860818.0,46000000,"Drama, Thriller, Mystery, War",6.6,"$59,031,057"
Cold Fever,0.0,0,"Drama, Comedy",7.0,N/A
Cold Fever,0.0,0,"Drama, Comedy",7.0,N/A
Cold Fever,0.0,0,"Drama, Comedy",7.0,N/A
Moll Flanders,0.0,0,"Drama, Romance",6.4,"$3,486,957"
Moll Flanders,0.0,0,"Drama, Romance",6.4,"$3,486,957"
"301, 302",0.0,0,"Horror, Mystery, Thriller",6.4,N/A
"301, 302",0.0,0,"Horror, Mystery, Thriller",6.4,N/A
"301, 302",0.0,0,"Horror, Mystery, Thriller",6.4,N/A
DragonHeart,115267375.0,57000000,Fantasy,6.4,"$51,367,375"
DragonHeart,115267375.0,57000000,Fantasy,6.4,"$51,367,375"
DragonHeart,115267375.0,57000000,Fantasy,6.4,"$51,367,375"
Und keiner weint mir nach,0.0,0,Drama,5.5,N/A
Und keiner weint mir nach,0.0,0,Drama,5.5,N/A
My Mother's Courage,0.0,0,Drama,6.8,N/A
My Mother's Courage,0.0,0,Drama,6.8,N/A
Eddie,0.0,0,"Action, Comedy",5.2,"$31,387,164"
Eddie,0.0,0,"Action, Comedy",5.2,"$31,387,164"
Yankee Zulu,0.0,0,"Drama, Comedy",6.4,N/A
Yankee Zulu,0.0,0,"Drama, Comedy",6.4,N/A
Billy's Holiday,0.0,0,,5.1,N/A
Purple Noon,0.0,0,"Crime, Drama, Thriller",7.7,N/A
Purple Noon,0.0,0,"Crime, Drama, Thriller",7.7,N/A
Purple Noon,0.0,0,"Crime, Drama, Thriller",7.7,N/A
August,0.0,0,"Romance, Comedy, Drama",5.3,"$12,636"
James and the Giant Peach,28921264.0,38000000,"Adventure, Animation, Family",6.7,"$28,946,127"
James and the Giant Peach,28921264.0,38000000,"Adventure, Animation, Family",6.7,"$28,946,127"
James and the Giant Peach,28921264.0,38000000,"Adventure, Animation, Family",6.7,"$28,946,127"
Fear,0.0,0,"Drama, Thriller, Romance",6.2,"$20,831,000"
Fear,0.0,0,"Drama, Thriller, Romance",6.2,"$20,831,000"
Kids in the Hall: Brain Candy,0.0,0,Comedy,6.9,"$2,654,308"
Faithful,9789900.0,13000000,"Comedy, Crime, Drama",5.8,"$2,104,439"
Faithful,9789900.0,13000000,"Comedy, Crime, Drama",5.8,"$2,104,439"
Faithful,9789900.0,13000000,"Comedy, Crime, Drama",5.8,"$2,104,439"
Underground,0.0,14000000,"War, Drama, Comedy",8.0,"$171,082"
Underground,0.0,14000000,"War, Drama, Comedy",8.0,"$171,082"
Underground,0.0,14000000,"War, Drama, Comedy",8.0,"$171,082"
All Things Fair,0.0,0,"War, Drama, Romance",6.8,"$13,128"
All Things Fair,0.0,0,"War, Drama, Romance",6.8,"$13,128"
All Things Fair,0.0,0,"War, Drama, Romance",6.8,"$13,128"
Pather Panchali,536364.0,0,Drama,8.2,"$134,241"
The World of Apu,16000.0,0,Drama,8.4,"$134,241"
Mystery Science Theater 3000: The Movie,0.0,0,"Comedy, Science Fiction",7.2,"$1,007,306"
Mystery Science Theater 3000: The Movie,0.0,0,"Comedy, Science Fiction",7.2,"$1,007,306"
Mystery Science Theater 3000: The Movie,0.0,0,"Comedy, Science Fiction",7.2,"$1,007,306"
Tarantella,0.0,0,,5.3,N/A
Tarantella,0.0,0,,5.3,N/A
Space Jam,250200000.0,80000000,"Animation, Comedy, Drama, Family, Fantasy",6.5,"$90,594,962"
Space Jam,250200000.0,80000000,"Animation, Comedy, Drama, Family, Fantasy",6.5,"$90,594,962"
Space Jam,250200000.0,80000000,"Animation, Comedy, Drama, Family, Fantasy",6.5,"$90,594,962"
Barbarella,2500000.0,9000000,Science Fiction,5.9,N/A
Barbarella,2500000.0,9000000,Science Fiction,5.9,N/A
Barbarella,2500000.0,9000000,Science Fiction,5.9,N/A
Hostile Intentions,0.0,0,"Thriller, Action, Drama",3.9,N/A
Hostile Intentions,0.0,0,"Thriller, Action, Drama",3.9,N/A
Hostile Intentions,0.0,0,"Thriller, Action, Drama",3.9,N/A
They Bite,0.0,0,"Comedy, Horror, Science Fiction",4.6,N/A
They Bite,0.0,0,"Comedy, Horror, Science Fiction",4.6,N/A
They Bite,0.0,0,"Comedy, Horror, Science Fiction",4.6,N/A
Some Folks Call It a Sling Blade,0.0,0,"Drama, Thriller",7.5,N/A
Some Folks Call It a Sling Blade,0.0,0,"Drama, Thriller",7.5,N/A
Some Folks Call It a Sling Blade,0.0,0,"Drama, Thriller",7.5,N/A
The Run of the Country,0.0,0,"Drama, Romance",6.2,"$470,768"
The Run of the Country,0.0,0,"Drama, Romance",6.2,"$470,768"
Alphaville,0.0,220000,"Drama, Science Fiction, Mystery",7.0,"$47,696"
Alphaville,0.0,220000,"Drama, Science Fiction, Mystery",7.0,"$47,696"
Alphaville,0.0,220000,"Drama, Science Fiction, Mystery",7.0,"$47,696"
Tigrero: A Film That Was Never Made,0.0,0,"Documentary, Foreign",6.8,N/A
Tigrero: A Film That Was Never Made,0.0,0,"Documentary, Foreign",6.8,N/A
The Eye of Vichy,0.0,0,,7.2,N/A
The Eye of Vichy,0.0,0,,7.2,N/A
Windows,0.0,0,"Horror, Drama, Thriller",4.8,"$2,128,395"
Windows,0.0,0,"Horror, Drama, Thriller",4.8,"$2,128,395"
It's My Party,0.0,0,Drama,7.1,"$622,503"
It's My Party,0.0,0,Drama,7.1,"$622,503"
Country Life,0.0,0,"Drama, Romance",6.6,"$350,354"
Country Life,0.0,0,"Drama, Romance",6.6,"$350,354"
Operation Dumbo Drop,0.0,0,"Action, Adventure, Comedy, Family",5.2,"$24,670,346"
Operation Dumbo Drop,0.0,0,"Action, Adventure, Comedy, Family",5.2,"$24,670,346"
Operation Dumbo Drop,0.0,0,"Action, Adventure, Comedy, Family",5.2,"$24,670,346"
The Promise,0.0,0,"Drama, Romance",6.1,"$8,224,288"
The Promise,0.0,0,"Drama, Romance",6.1,"$8,224,288"
The Promise,0.0,0,"Drama, Romance",6.1,"$8,224,288"
Mrs. Winterbourne,10070000.0,25000000,"Comedy, Romance, Drama",6.2,"$10,082,005"
Mrs. Winterbourne,10070000.0,25000000,"Comedy, Romance, Drama",6.2,"$10,082,005"
Mrs. Winterbourne,10070000.0,25000000,"Comedy, Romance, Drama",6.2,"$10,082,005"
Solo,0.0,0,"Action, Adventure, Science Fiction, Thriller",4.1,"$5,107,669"
Solo,0.0,0,"Action, Adventure, Science Fiction, Thriller",4.1,"$5,107,669"
Solo,0.0,0,"Action, Adventure, Science Fiction, Thriller",4.1,"$5,107,669"
The Substitute,0.0,0,"Action, Thriller",6.1,"$14,818,176"
The Substitute,0.0,0,"Action, Thriller",6.1,"$14,818,176"
The Substitute,0.0,0,"Action, Thriller",6.1,"$14,818,176"
True Crime,0.0,0,"Crime, Mystery, Thriller",6.6,"$16,649,768"
True Crime,0.0,0,"Crime, Mystery, Thriller",6.6,"$16,649,768"
True Crime,0.0,0,"Crime, Mystery, Thriller",6.6,"$16,649,768"
Butterfly Kiss,0.0,0,"Crime, Drama, Romance, Thriller",6.3,"$87,626"
Butterfly Kiss,0.0,0,"Crime, Drama, Romance, Thriller",6.3,"$87,626"
Butterfly Kiss,0.0,0,"Crime, Drama, Romance, Thriller",6.3,"$87,626"
Feeling Minnesota,0.0,0,"Action, Comedy, Drama, Thriller",5.4,"$3,124,440"
Feeling Minnesota,0.0,0,"Action, Comedy, Drama, Thriller",5.4,"$3,124,440"
Feeling Minnesota,0.0,0,"Action, Comedy, Drama, Thriller",5.4,"$3,124,440"
Delta of Venus,62949.0,0,"Drama, Romance",4.7,"$63,174"
To Cross the Rubicon,0.0,0,,5.7,N/A
Angus,0.0,0,"Comedy, Drama, Family, Romance",6.7,"$4,821,759"
Angus,0.0,0,"Comedy, Drama, Family, Romance",6.7,"$4,821,759"
Faces,0.0,275000,Drama,7.4,N/A
Boys,0.0,0,"Romance, Drama, Mystery",7.4,N/A
Boys,0.0,0,"Romance, Drama, Mystery",7.4,N/A
Boys,0.0,0,"Romance, Drama, Mystery",7.4,N/A
The Quest,57400547.0,30000000,"Action, Adventure",5.6,"$21,686,547"
The Quest,57400547.0,30000000,"Action, Adventure",5.6,"$21,686,547"
The Quest,57400547.0,30000000,"Action, Adventure",5.6,"$21,686,547"
Cosi,0.0,0,"Comedy, Romance",6.6,"$35,489"
Cosi,0.0,0,"Comedy, Romance",6.6,"$35,489"
Cosi,0.0,0,"Comedy, Romance",6.6,"$35,489"
Sunset Park,0.0,0,Drama,5.9,"$10,163,782"
Sunset Park,0.0,0,Drama,5.9,"$10,163,782"
Mulholland Falls,0.0,0,"Drama, Mystery, Thriller",6.3,"$11,526,099"
Mulholland Falls,0.0,0,"Drama, Mystery, Thriller",6.3,"$11,526,099"
Mulholland Falls,0.0,0,"Drama, Mystery, Thriller",6.3,"$11,526,099"
Celtic Pride,0.0,0,Comedy,5.3,"$9,255,027"
Celtic Pride,0.0,0,Comedy,5.3,"$9,255,027"
Flipper,20080020.0,25530000,"Adventure, Family",5.3,"$20,080,020"
Flipper,20080020.0,25530000,"Adventure, Family",5.3,"$20,080,020"
Flipper,20080020.0,25530000,"Adventure, Family",5.3,"$20,080,020"
Captives,0.0,0,"Drama, Thriller, Mystery, Romance",6.3,N/A
Captives,0.0,0,"Drama, Thriller, Mystery, Romance",6.3,N/A
Captives,0.0,0,"Drama, Thriller, Mystery, Romance",6.3,N/A
Of Love and Shadows,0.0,0,Drama,4.9,"$19,710"
Of Love and Shadows,0.0,0,Drama,4.9,"$19,710"
Of Love and Shadows,0.0,0,Drama,4.9,"$19,710"
Dead Man,0.0,9000000,"Drama, Fantasy, Western",7.5,"$1,037,847"
Dead Man,0.0,9000000,"Drama, Fantasy, Western",7.5,"$1,037,847"
Dead Man,0.0,9000000,"Drama, Fantasy, Western",7.5,"$1,037,847"
The Horseman on the Roof,15000000.0,35000000,"War, Adventure, Drama, Romance",7.0,"$1,320,043"
The Horseman on the Roof,15000000.0,35000000,"War, Adventure, Drama, Romance",7.0,"$1,320,043"
The Horseman on the Roof,15000000.0,35000000,"War, Adventure, Drama, Romance",7.0,"$1,320,043"
Switchblade Sisters,0.0,0,"Action, Crime, Drama",6.5,"$51,264"
Switchblade Sisters,0.0,0,"Action, Crime, Drama",6.5,"$51,264"
Switchblade Sisters,0.0,0,"Action, Crime, Drama",6.5,"$51,264"
Mouth to Mouth,0.0,0,"Comedy, Foreign",6.2,"$2,150"
The Visitors,0.0,0,"Fantasy, Comedy, Science Fiction",7.0,"$659,810"
The Visitors,0.0,0,"Fantasy, Comedy, Science Fiction",7.0,"$659,810"
Multiplicity,0.0,45000000,"Comedy, Fantasy, Science Fiction",6.1,"$21,075,014"
Multiplicity,0.0,45000000,"Comedy, Fantasy, Science Fiction",6.1,"$21,075,014"
Multiplicity,0.0,45000000,"Comedy, Fantasy, Science Fiction",6.1,"$21,075,014"
Two Friends,0.0,0,"Drama, Foreign",5.9,N/A
Two Friends,0.0,0,"Drama, Foreign",5.9,N/A
Two Friends,0.0,0,"Drama, Foreign",5.9,N/A
The Craft,24769466.0,15000000,"Drama, Fantasy, Horror, Thriller",6.5,"$24,819,936"
The Craft,24769466.0,15000000,"Drama, Fantasy, Horror, Thriller",6.5,"$24,819,936"
The Craft,24769466.0,15000000,"Drama, Fantasy, Horror, Thriller",6.5,"$24,819,936"
The Great White Hype,0.0,0,"Comedy, Drama",5.5,"$8,008,255"
The Great White Hype,0.0,0,"Comedy, Drama",5.5,"$8,008,255"
Last Dance,5.0,0,"Drama, Thriller",5.7,"$5,939,449"
Last Dance,5.0,0,"Drama, Thriller",5.7,"$5,939,449"
Cold Comfort Farm,0.0,0,"Comedy, Drama, Romance",7.2,"$5,682,429"
Cold Comfort Farm,0.0,0,"Comedy, Drama, Romance",7.2,"$5,682,429"
Heaven's Prisoners,0.0,25000000,"Drama, Mystery, Thriller",5.8,"$5,009,305"
Heaven's Prisoners,0.0,25000000,"Drama, Mystery, Thriller",5.8,"$5,009,305"
Heaven's Prisoners,0.0,25000000,"Drama, Mystery, Thriller",5.8,"$5,009,305"
Original Gangstas,3014000.0,4800000,"Action, Drama, Crime, Thriller",5.7,"$3,718,087"
Original Gangstas,3014000.0,4800000,"Action, Drama, Crime, Thriller",5.7,"$3,718,087"
Original Gangstas,3014000.0,4800000,"Action, Drama, Crime, Thriller",5.7,"$3,718,087"
The Rock,335062621.0,75000000,"Action, Adventure, Thriller",7.4,"$134,069,511"
The Rock,335062621.0,75000000,"Action, Adventure, Thriller",7.4,"$134,069,511"
The Rock,335062621.0,75000000,"Action, Adventure, Thriller",7.4,"$134,069,511"
Getting Away with Murder,0.0,0,Comedy,4.7,"$197,322"
Cemetery Man,0.0,4000000,"Fantasy, Drama, Horror, Comedy",7.0,"$253,986"
Cemetery Man,0.0,4000000,"Fantasy, Drama, Horror, Comedy",7.0,"$253,986"
Twister,494471524.0,92000000,"Action, Adventure, Drama",6.6,"$241,830,615"
Twister,494471524.0,92000000,"Action, Adventure, Drama",6.6,"$241,830,615"
Twister,494471524.0,92000000,"Action, Adventure, Drama",6.6,"$241,830,615"
Barb Wire,3793614.0,0,"Action, Science Fiction",3.5,"$3,793,614"
Barb Wire,3793614.0,0,"Action, Science Fiction",3.5,"$3,793,614"
Honeymoon,0.0,0,Comedy,5.7,"$9,318"
Honeymoon,0.0,0,Comedy,5.7,"$9,318"
Honeymoon,0.0,0,Comedy,5.7,"$9,318"
Ghost in the Shell,2287714.0,0,"Action, Animation, Science Fiction",6.3,"$40,563,557"
Ghost in the Shell,2287714.0,0,"Action, Animation, Science Fiction",6.3,"$40,563,557"
Ghost in the Shell,2287714.0,0,"Action, Animation, Science Fiction",6.3,"$40,563,557"
Thinner,0.0,0,"Horror, Thriller",5.8,"$15,315,484"
Thinner,0.0,0,"Horror, Thriller",5.8,"$15,315,484"
Spy Hard,0.0,18000000,"Action, Comedy",5.3,"$26,960,191"
Spy Hard,0.0,18000000,"Action, Comedy",5.3,"$26,960,191"
Brothers in Trouble,0.0,0,"Comedy, Drama",6.6,"$8,000"
Brothers in Trouble,0.0,0,"Comedy, Drama",6.6,"$8,000"
A Close Shave,0.0,0,"Family, Animation, Comedy",6.0,N/A
A Close Shave,0.0,0,"Family, Animation, Comedy",6.0,N/A
Force of Evil,0.0,0,"Drama, Action, Crime",7.2,"$948,000"
Force of Evil,0.0,0,"Drama, Action, Crime",7.2,"$948,000"
Force of Evil,0.0,0,"Drama, Action, Crime",7.2,"$948,000"
The Stupids,0.0,0,"Comedy, Family",4.3,"$2,491,989"
The Stupids,0.0,0,"Comedy, Family",4.3,"$2,491,989"
The Arrival,14048372.0,25000000,"Action, Mystery, Science Fiction, Thriller",6.2,"$14,063,331"
The Arrival,14048372.0,25000000,"Action, Mystery, Science Fiction, Thriller",6.2,"$14,063,331"
The Arrival,14048372.0,25000000,"Action, Mystery, Science Fiction, Thriller",6.2,"$14,063,331"
The Man from Down Under,0.0,0,"Drama, War",6.0,N/A
The Man from Down Under,0.0,0,"Drama, War",6.0,N/A
The Man from Down Under,0.0,0,"Drama, War",6.0,N/A
Dr. Strangelove or: How I Learned to Stop Worrying and Love the Bomb,9440272.0,1800000,"Drama, Comedy, War",8.3,"$9,440,272"
Dr. Strangelove or: How I Learned to Stop Worrying and Love the Bomb,9440272.0,1800000,"Drama, Comedy, War",8.3,"$9,440,272"
Careful,0.0,0,"Horror, Comedy, Drama, Fantasy",7.0,N/A
Careful,0.0,0,"Horror, Comedy, Drama, Fantasy",7.0,N/A
Careful,0.0,0,"Horror, Comedy, Drama, Fantasy",7.0,N/A
Vermont Is for Lovers,0.0,0,,6.6,"$58,546"
A Month by the Lake,0.0,0,"Comedy, Drama, Romance",6.2,"$2,101,087"
A Month by the Lake,0.0,0,"Comedy, Drama, Romance",6.2,"$2,101,087"
A Month by the Lake,0.0,0,"Comedy, Drama, Romance",6.2,"$2,101,087"
Gold Diggers: The Secret of Bear Mountain,0.0,0,Drama,6.0,"$6,029,091"
Gold Diggers: The Secret of Bear Mountain,0.0,0,Drama,6.0,"$6,029,091"
Gold Diggers: The Secret of Bear Mountain,0.0,0,Drama,6.0,"$6,029,091"
Kim,0.0,0,"Family, Adventure",6.5,N/A
Kim,0.0,0,"Family, Adventure",6.5,N/A
Kim,0.0,0,"Family, Adventure",6.5,N/A
Carmen Miranda: Bananas Is My Business,0.0,0,Documentary,7.6,"$14,528"
Carmen Miranda: Bananas Is My Business,0.0,0,Documentary,7.6,"$14,528"
Carmen Miranda: Bananas Is My Business,0.0,0,Documentary,7.6,"$14,528"
Ashes of Time,0.0,0,"Drama, Action",7.0,"$174,273"
Ashes of Time,0.0,0,"Drama, Action",7.0,"$174,273"
The Jar,0.0,0,,2.5,N/A
Maya Lin: A Strong Clear Vision,0.0,0,Documentary,7.3,"$62,186"
Maya Lin: A Strong Clear Vision,0.0,0,Documentary,7.3,"$62,186"
Stalingrad,0.0,0,"Drama, History, War",7.5,"$152,972"
Stalingrad,0.0,0,"Drama, History, War",7.5,"$152,972"
The Phantom,17300889.0,45000000,"Adventure, Action",5.1,"$17,323,326"
The Phantom,17300889.0,45000000,"Adventure, Action",5.1,"$17,323,326"
The Phantom,17300889.0,45000000,"Adventure, Action",5.1,"$17,323,326"
Striptease,113309743.0,50000000,"Drama, Thriller, Crime",4.6,"$33,109,743"
Striptease,113309743.0,50000000,"Drama, Thriller, Crime",4.6,"$33,109,743"
Striptease,113309743.0,50000000,"Drama, Thriller, Crime",4.6,"$33,109,743"
The Last of the High Kings,0.0,0,"Drama, Comedy",6.1,"$7,682"
The Last of the High Kings,0.0,0,"Drama, Comedy",6.1,"$7,682"
Heavy,0.0,0,"Drama, Romance",6.7,"$941,414"
Heavy,0.0,0,"Drama, Romance",6.7,"$941,414"
Jack,58620973.0,45000000,"Comedy, Drama, Science Fiction",5.8,"$58,620,973"
Jack,58620973.0,45000000,"Comedy, Drama, Science Fiction",5.8,"$58,620,973"
Jack,58620973.0,45000000,"Comedy, Drama, Science Fiction",5.8,"$58,620,973"
Jack,58620973.0,45000000,"Comedy, Drama, Science Fiction",5.8,"$58,620,973"
Jack,58620973.0,45000000,"Comedy, Drama, Science Fiction",5.8,"$58,620,973"
Jack,58620973.0,45000000,"Comedy, Drama, Science Fiction",5.8,"$58,620,973"
I Shot Andy Warhol,1814290.0,0,Drama,6.6,"$1,875,527"
I Shot Andy Warhol,1814290.0,0,Drama,6.6,"$1,875,527"
The Grass Harp,0.0,0,"Comedy, Drama, Family",6.6,"$559,771"
The Grass Harp,0.0,0,"Comedy, Drama, Family",6.6,"$559,771"
Someone Else's America,0.0,0,Drama,7.1,N/A
Someone Else's America,0.0,0,Drama,7.1,N/A
Quartier Mozart,0.0,0,,6.3,N/A
Touki Bouki,0.0,0,"Drama, Romance",7.0,N/A
Spirits of the Dead,0.0,0,"Drama, Mystery, Horror",6.4,N/A
Spirits of the Dead,0.0,0,"Drama, Mystery, Horror",6.4,N/A
Spirits of the Dead,0.0,0,"Drama, Mystery, Horror",6.4,N/A
Babyfever,0.0,0,,5.5,"$269,904"
Babyfever,0.0,0,,5.5,"$269,904"
Trainspotting,16491080.0,4000000,"Drama, Crime",8.1,"$16,491,080"
Trainspotting,16491080.0,4000000,"Drama, Crime",8.1,"$16,491,080"
Independence Day,816969268.0,75000000,"Action, Adventure, Science Fiction",7.0,"$306,169,268"
Independence Day,816969268.0,75000000,"Action, Adventure, Science Fiction",7.0,"$306,169,268"
Independence Day,816969268.0,75000000,"Action, Adventure, Science Fiction",7.0,"$306,169,268"
Stealing Beauty,0.0,0,"Drama, Romance",6.5,"$4,722,310"
Stealing Beauty,0.0,0,"Drama, Romance",6.5,"$4,722,310"
Stealing Beauty,0.0,0,"Drama, Romance",6.5,"$4,722,310"
The Fan,18626419.0,55000000,"Drama, Mystery, Thriller",5.9,"$18,626,419"
The Fan,18626419.0,55000000,"Drama, Mystery, Thriller",5.9,"$18,626,419"
The Fan,18626419.0,55000000,"Drama, Mystery, Thriller",5.9,"$18,626,419"
The Hunchback of Notre Dame,100138851.0,100000000,"Drama, Animation, Family",7.0,"$100,138,851"
The Hunchback of Notre Dame,100138851.0,100000000,"Drama, Animation, Family",7.0,"$100,138,851"
The Hunchback of Notre Dame,100138851.0,100000000,"Drama, Animation, Family",7.0,"$100,138,851"
The Cable Guy,102825796.0,47000000,"Comedy, Drama, Thriller",6.1,"$60,240,295"
The Cable Guy,102825796.0,47000000,"Comedy, Drama, Thriller",6.1,"$60,240,295"
The Cable Guy,102825796.0,47000000,"Comedy, Drama, Thriller",6.1,"$60,240,295"
Kingpin,25023434.0,27000000,Comedy,6.9,"$25,023,434"
Kingpin,25023434.0,27000000,Comedy,6.9,"$25,023,434"
Eraser,242295562.0,100000000,"Action, Drama, Mystery, Thriller",6.2,"$101,295,562"
Eraser,242295562.0,100000000,"Action, Drama, Mystery, Thriller",6.2,"$101,295,562"
Eraser,242295562.0,100000000,"Action, Drama, Mystery, Thriller",6.2,"$101,295,562"
The Nutty Professor,128769345.0,54000000,"Fantasy, Comedy, Romance, Science Fiction",5.7,"$128,814,019"
The Nutty Professor,128769345.0,54000000,"Fantasy, Comedy, Romance, Science Fiction",5.7,"$128,814,019"
The Nutty Professor,128769345.0,54000000,"Fantasy, Comedy, Romance, Science Fiction",5.7,"$128,814,019"
"I, the Worst of All",0.0,0,"Drama, Foreign",7.1,"$52,148"
"I, the Worst of All",0.0,0,"Drama, Foreign",7.1,"$52,148"
"I, the Worst of All",0.0,0,"Drama, Foreign",7.1,"$52,148"
A Hungarian Fairy Tale,0.0,0,,6.6,N/A
Midnight Dancers,0.0,0,,5.5,"$22,480"
Midnight Dancers,0.0,0,,5.5,"$22,480"
Somebody to Love,0.0,0,"Comedy, Drama",5.4,"$18,112"
Somebody to Love,0.0,0,"Comedy, Drama",5.4,"$18,112"
A Very Natural Thing,0.0,0,Drama,6.7,"$65,000"
A Very Natural Thing,0.0,0,Drama,6.7,"$65,000"
The Old Lady Who Walked in the Sea,0.0,0,Comedy,5.9,"$50,349"
The Old Lady Who Walked in the Sea,0.0,0,Comedy,5.9,"$50,349"
The Old Lady Who Walked in the Sea,0.0,0,Comedy,5.9,"$50,349"
Daylight,159212469.0,80000000,"Action, Adventure, Thriller",6.0,"$33,023,469"
Daylight,159212469.0,80000000,"Action, Adventure, Thriller",6.0,"$33,023,469"
Daylight,159212469.0,80000000,"Action, Adventure, Thriller",6.0,"$33,023,469"
The Frighteners,29359216.0,30000000,"Horror, Comedy",7.1,"$16,759,216"
The Frighteners,29359216.0,30000000,"Horror, Comedy",7.1,"$16,759,216"
The Frighteners,29359216.0,30000000,"Horror, Comedy",7.1,"$16,759,216"
Lone Star,13269963.0,5000000,"Drama, Mystery, Romance",7.4,"$12,408,986"
Lone Star,13269963.0,5000000,"Drama, Mystery, Romance",7.4,"$12,408,986"
Lone Star,13269963.0,5000000,"Drama, Mystery, Romance",7.4,"$12,408,986"
Harriet the Spy,0.0,12000000,"Comedy, Drama, Family",6.0,"$26,570,048"
Harriet the Spy,0.0,12000000,"Comedy, Drama, Family",6.0,"$26,570,048"
Harriet the Spy,0.0,12000000,"Comedy, Drama, Family",6.0,"$26,570,048"
Phenomenon,152036382.0,32000000,"Drama, Fantasy, Romance, Science Fiction",6.5,"$104,636,382"
Phenomenon,152036382.0,32000000,"Drama, Fantasy, Romance, Science Fiction",6.5,"$104,636,382"
Phenomenon,152036382.0,32000000,"Drama, Fantasy, Romance, Science Fiction",6.5,"$104,636,382"
Walking and Talking,0.0,0,"Comedy, Drama, Romance",6.7,"$1,287,480"
Walking and Talking,0.0,0,"Comedy, Drama, Romance",6.7,"$1,287,480"
Walking and Talking,0.0,0,"Comedy, Drama, Romance",6.7,"$1,287,480"
She's the One,9482579.0,3500000,"Comedy, Romance",6.0,"$9,538,948"
She's the One,9482579.0,3500000,"Comedy, Romance",6.0,"$9,538,948"
She's the One,9482579.0,3500000,"Comedy, Romance",6.0,"$9,538,948"
A Time to Kill,152266007.0,40000000,"Crime, Drama, Thriller",7.5,"$108,766,007"
A Time to Kill,152266007.0,40000000,"Crime, Drama, Thriller",7.5,"$108,766,007"
A Time to Kill,152266007.0,40000000,"Crime, Drama, Thriller",7.5,"$108,766,007"
American Buffalo,665450.0,0,Drama,5.8,"$665,450"
Rendezvous in Paris,0.0,0,"Romance, Comedy",7.2,"$859,059"
Alaska,0.0,23000000,Adventure,5.7,"$11,829,959"
Alaska,0.0,23000000,Adventure,5.7,"$11,829,959"
Alaska,0.0,23000000,Adventure,5.7,"$11,829,959"
Fled,17193231.0,25000000,"Action, Comedy, Thriller",5.4,"$17,193,231"
Fled,17193231.0,25000000,"Action, Comedy, Thriller",5.4,"$17,193,231"
Fled,17193231.0,25000000,"Action, Comedy, Thriller",5.4,"$17,193,231"
Kazaam,0.0,20000000,"Fantasy, Comedy, Science Fiction, Family",3.1,"$18,937,262"
Kazaam,0.0,20000000,"Fantasy, Comedy, Science Fiction, Family",3.1,"$18,937,262"
Kazaam,0.0,20000000,"Fantasy, Comedy, Science Fiction, Family",3.1,"$18,937,262"
Larger Than Life,0.0,30000000,"Family, Comedy",5.6,"$8,315,693"
Larger Than Life,0.0,30000000,"Family, Comedy",5.6,"$8,315,693"
A Boy Called Hate,0.0,0,,5.0,N/A
A Boy Called Hate,0.0,0,,5.0,N/A
A Boy Called Hate,0.0,0,,5.0,N/A
Power 98,0.0,0,"Action, Mystery, Thriller",4.5,N/A
Power 98,0.0,0,"Action, Mystery, Thriller",4.5,N/A
Power 98,0.0,0,"Action, Mystery, Thriller",4.5,N/A
Two Deaths,0.0,0,"War, Drama",6.4,N/A
Two Deaths,0.0,0,"War, Drama",6.4,N/A
A Very Brady Sequel,0.0,0,Comedy,5.9,"$21,440,752"
Stefano Quantestorie,0.0,0,Comedy,7.0,N/A
Stefano Quantestorie,0.0,0,Comedy,7.0,N/A
Death in the Garden,0.0,0,"Adventure, Drama",6.7,N/A
Death in the Garden,0.0,0,"Adventure, Drama",6.7,N/A
Death in the Garden,0.0,0,"Adventure, Drama",6.7,N/A
Hedd Wyn,0.0,0,"War, Drama",7.1,N/A
Hedd Wyn,0.0,0,"War, Drama",7.1,N/A
Hedd Wyn,0.0,0,"War, Drama",7.1,N/A
Kaspar Hauser,0.0,0,"Drama, Foreign",6.9,N/A
Kaspar Hauser,0.0,0,"Drama, Foreign",6.9,N/A
Kaspar Hauser,0.0,0,"Drama, Foreign",6.9,N/A
Regular Guys,0.0,0,"Comedy, Foreign",6.8,N/A
Regular Guys,0.0,0,"Comedy, Foreign",6.8,N/A
Regular Guys,0.0,0,"Comedy, Foreign",6.8,N/A
Diebinnen,0.0,0,Drama,5.5,N/A
The Convent,0.0,0,Thriller,5.1,N/A
The Convent,0.0,0,Thriller,5.1,N/A
The Adventures of Pinocchio,0.0,0,"Animation, Family, Fantasy",5.3,"$15,094,530"
The Adventures of Pinocchio,0.0,0,"Animation, Family, Fantasy",5.3,"$15,094,530"
The Adventures of Pinocchio,0.0,0,"Animation, Family, Fantasy",5.3,"$15,094,530"
Joe's Apartment,4619014.0,13000000,"Fantasy, Comedy, Music",5.5,"$4,619,014"
Joe's Apartment,4619014.0,13000000,"Fantasy, Comedy, Music",5.5,"$4,619,014"
Joe's Apartment,4619014.0,13000000,"Fantasy, Comedy, Music",5.5,"$4,619,014"
The First Wives Club,116400000.0,26000000,Comedy,6.5,"$105,489,203"
Stonewall,0.0,0,"Romance, Drama, Comedy",5.4,"$187,674"
Stonewall,0.0,0,"Romance, Drama, Comedy",5.4,"$187,674"
Ransom,309492681.0,80000000,"Action, Thriller",6.7,"$136,492,681"
Ransom,309492681.0,80000000,"Action, Thriller",6.7,"$136,492,681"
Ransom,309492681.0,80000000,"Action, Thriller",6.7,"$136,492,681"
High School High,21302121.0,0,Comedy,5.6,"$21,302,121"
High School High,21302121.0,0,Comedy,5.6,"$21,302,121"
High School High,21302121.0,0,Comedy,5.6,"$21,302,121"
Phat Beach,0.0,0,Comedy,4.0,"$1,383,553"
Foxfire,258263.0,0,"Action, Drama, Thriller",6.1,"$269,300"
Foxfire,258263.0,0,"Action, Drama, Thriller",6.1,"$269,300"
Chain Reaction,60209334.0,50000000,"Action, Drama, Science Fiction, Thriller",5.7,"$21,226,204"
Chain Reaction,60209334.0,50000000,"Action, Drama, Science Fiction, Thriller",5.7,"$21,226,204"
Chain Reaction,60209334.0,50000000,"Action, Drama, Science Fiction, Thriller",5.7,"$21,226,204"
Matilda,33459416.0,36000000,"Comedy, Family, Fantasy",7.0,"$33,459,416"
Matilda,33459416.0,36000000,"Comedy, Family, Fantasy",7.0,"$33,459,416"
Matilda,33459416.0,36000000,"Comedy, Family, Fantasy",7.0,"$33,459,416"
Emma,22231658.0,6000000,"Drama, Comedy, Romance",6.6,"$22,231,658"
Emma,22231658.0,6000000,"Drama, Comedy, Romance",6.6,"$22,231,658"
Emma,22231658.0,6000000,"Drama, Comedy, Romance",6.6,"$22,231,658"
The Crow: City of Angels,17917287.0,13000000,"Action, Fantasy, Thriller",4.6,"$17,917,287"
The Crow: City of Angels,17917287.0,13000000,"Action, Fantasy, Thriller",4.6,"$17,917,287"
The Crow: City of Angels,17917287.0,13000000,"Action, Fantasy, Thriller",4.6,"$17,917,287"
House Arrest,0.0,0,"Comedy, Family",5.8,"$7,032,782"
House Arrest,0.0,0,"Comedy, Family",5.8,"$7,032,782"
Eyes Without a Face,0.0,0,"Drama, Horror, Thriller",7.6,"$58,565"
Eyes Without a Face,0.0,0,"Drama, Horror, Thriller",7.6,"$58,565"
Bordello of Blood,5600000.0,15000000,"Horror, Comedy",5.4,"$5,781,045"
Bordello of Blood,5600000.0,15000000,"Horror, Comedy",5.4,"$5,781,045"
Bordello of Blood,5600000.0,15000000,"Horror, Comedy",5.4,"$5,781,045"
Lotto Land,0.0,0,Drama,6.4,N/A
The Day the Sun Turned Cold,0.0,0,,7.1,N/A
The Day the Sun Turned Cold,0.0,0,,7.1,N/A
The Day the Sun Turned Cold,0.0,0,,7.1,N/A
Flirt,0.0,0,"Drama, Romance",6.3,"$263,192"
Flirt,0.0,0,"Drama, Romance",6.3,"$263,192"
The Big Squeeze,0.0,0,Drama,5.0,"$23,567"
The Big Squeeze,0.0,0,Drama,5.0,"$23,567"
The Big Squeeze,0.0,0,Drama,5.0,"$23,567"
The Spitfire Grill,12643776.0,6000000,"Comedy, Drama",7.0,"$12,658,486"
Escape from L.A.,42277365.0,50000000,"Action, Adventure, Science Fiction, Thriller",5.7,"$25,477,365"
Escape from L.A.,42277365.0,50000000,"Action, Adventure, Science Fiction, Thriller",5.7,"$25,477,365"
Escape from L.A.,42277365.0,50000000,"Action, Adventure, Science Fiction, Thriller",5.7,"$25,477,365"
Cyclo,0.0,0,"Crime, Drama",7.1,"$284,692"
Cyclo,0.0,0,"Crime, Drama",7.1,"$284,692"
Basquiat,3011195.0,2962051,"Drama, History",6.9,"$3,046,399"
Basquiat,3011195.0,2962051,"Drama, History",6.9,"$3,046,399"
Tin Cup,53854588.0,45000000,"Comedy, Drama, Romance",6.4,"$53,854,588"
Tin Cup,53854588.0,45000000,"Comedy, Drama, Romance",6.4,"$53,854,588"
Tin Cup,53854588.0,45000000,"Comedy, Drama, Romance",6.4,"$53,854,588"
Dingo,300000.0,200000,"Drama, Music",6.8,N/A
Dingo,300000.0,200000,"Drama, Music",6.8,N/A
The Ballad of Narayama,0.0,0,Drama,7.8,N/A
The Ballad of Narayama,0.0,0,Drama,7.8,N/A
The Ballad of Narayama,0.0,0,Drama,7.8,N/A
Every Other Weekend,0.0,0,Drama,7.2,N/A
Every Other Weekend,0.0,0,Drama,7.2,N/A
Mille bolle blu,0.0,0,,6.5,N/A
Mille bolle blu,0.0,0,,6.5,N/A
Crows and Sparrows,0.0,0,,7.2,N/A
The Godfather,245066411.0,6000000,"Drama, Crime",9.2,"$136,381,073"
The Godfather,245066411.0,6000000,"Drama, Crime",9.2,"$136,381,073"
Maybe... Maybe Not,0.0,0,"Comedy, Drama",6.5,"$468,930"
Small Faces,0.0,1850000,,6.9,"$155,239"
Bound,7011317.0,4500000,"Crime, Drama, Romance, Thriller",7.3,"$3,802,260"
Bound,7011317.0,4500000,"Crime, Drama, Romance, Thriller",7.3,"$3,802,260"
Carpool,0.0,17000000,"Comedy, Family",5.0,"$3,325,651"
Death in Brunswick,0.0,0,Drama,6.5,N/A
Death in Brunswick,0.0,0,Drama,6.5,N/A
Death in Brunswick,0.0,0,Drama,6.5,N/A
Kansas City,0.0,18000000,"Thriller, Drama, Music, Crime",6.3,"$1,356,329"
Kansas City,0.0,18000000,"Thriller, Drama, Music, Crime",6.3,"$1,356,329"
Kansas City,0.0,18000000,"Thriller, Drama, Music, Crime",6.3,"$1,356,329"
Gone Fishin',0.0,53000000,"Comedy, Family",4.8,"$19,745,922"
Gone Fishin',0.0,53000000,"Comedy, Family",4.8,"$19,745,922"
Lover's Knot,0.0,0,"Romance, Comedy",4.5,N/A
Lover's Knot,0.0,0,"Romance, Comedy",4.5,N/A
Vive L'Amour,0.0,0,Drama,7.3,N/A
Vive L'Amour,0.0,0,Drama,7.3,N/A
Shadow of Angels,0.0,0,Drama,6.5,N/A
Killer: A Journal of Murder,0.0,0,Drama,6.3,"$82,029"
Killer: A Journal of Murder,0.0,0,Drama,6.3,"$82,029"
Killer: A Journal of Murder,0.0,0,Drama,6.3,"$82,029"
Nothing to Lose,0.0,0,"Action, Crime, Drama",6.7,"$44,480,039"
Nothing to Lose,0.0,0,"Action, Crime, Drama",6.7,"$44,480,039"
Nothing to Lose,0.0,0,"Action, Crime, Drama",6.7,"$44,480,039"
Girls Town,0.0,0,"Comedy, Drama",3.8,N/A
Girls Town,0.0,0,"Comedy, Drama",3.8,N/A
Girls Town,0.0,0,"Comedy, Drama",3.8,N/A
Bye-Bye,0.0,0,Drama,7.0,N/A
The Relic,33956608.0,60000000,"Horror, Mystery, Thriller",5.8,"$33,956,608"
The Relic,33956608.0,60000000,"Horror, Mystery, Thriller",5.8,"$33,956,608"
The Relic,33956608.0,60000000,"Horror, Mystery, Thriller",5.8,"$33,956,608"
The Island of Dr. Moreau,49627779.0,40000000,"Fantasy, Horror, Science Fiction",4.6,"$27,663,982"
The Island of Dr. Moreau,49627779.0,40000000,"Fantasy, Horror, Science Fiction",4.6,"$27,663,982"
The Island of Dr. Moreau,49627779.0,40000000,"Fantasy, Horror, Science Fiction",4.6,"$27,663,982"
First Kid,0.0,0,"Comedy, Family",5.3,"$26,491,793"
First Kid,0.0,0,"Comedy, Family",5.3,"$26,491,793"
The Trigger Effect,0.0,8000000,"Drama, Thriller",5.7,"$3,622,979"
The Trigger Effect,0.0,8000000,"Drama, Thriller",5.7,"$3,622,979"
Sweet Nothing,0.0,0,,6.2,"$102,350"
Bogus,0.0,32000000,"Fantasy, Comedy, Family",5.4,"$4,357,406"
Bogus,0.0,32000000,"Fantasy, Comedy, Family",5.4,"$4,357,406"
Bogus,0.0,32000000,"Fantasy, Comedy, Family",5.4,"$4,357,406"
Bulletproof,22611954.0,25000000,"Action, Adventure, Comedy, Thriller",5.8,"$21,576,954"
Bulletproof,22611954.0,25000000,"Action, Adventure, Comedy, Thriller",5.8,"$21,576,954"
Bulletproof,22611954.0,25000000,"Action, Adventure, Comedy, Thriller",5.8,"$21,576,954"
Talk of Angels,0.0,0,"Drama, Romance, War",5.8,"$18,281"
Talk of Angels,0.0,0,"Drama, Romance, War",5.8,"$18,281"
Talk of Angels,0.0,0,"Drama, Romance, War",5.8,"$18,281"
The Land Before Time III: The Time of the Great Giving,0.0,0,"Animation, Adventure, Family",5.7,N/A
The Land Before Time III: The Time of the Great Giving,0.0,0,"Animation, Adventure, Family",5.7,N/A
The Land Before Time III: The Time of the Great Giving,0.0,0,"Animation, Adventure, Family",5.7,N/A
The Land Before Time III: The Time of the Great Giving,0.0,0,"Animation, Adventure, Family",5.7,N/A
1-900,0.0,0,,6.2,N/A
1-900,0.0,0,,6.2,N/A
Baton Rouge,0.0,0,Thriller,6.0,N/A
Baton Rouge,0.0,0,Thriller,6.0,N/A
Baton Rouge,0.0,0,Thriller,6.0,N/A
Halloween: The Curse of Michael Myers,15116634.0,5000000,"Horror, Thriller",4.7,"$15,116,634"
Halloween: The Curse of Michael Myers,15116634.0,5000000,"Horror, Thriller",4.7,"$15,116,634"
Twelfth Night,0.0,0,"Drama, Comedy, Romance",7.1,"$588,621"
Twelfth Night,0.0,0,"Drama, Comedy, Romance",7.1,"$588,621"
Twelfth Night,0.0,0,"Drama, Comedy, Romance",7.1,"$588,621"
Mother Night,0.0,0,"Drama, History",7.1,"$403,701"
Mother Night,0.0,0,"Drama, History",7.1,"$403,701"
Mother Night,0.0,0,"Drama, History",7.1,"$403,701"
Liebelei,0.0,0,"Drama, Romance",8.8,N/A
Venice,0.0,0,"Drama, Romance",6.6,N/A
Wild Reeds,0.0,0,"Drama, Romance",7.3,"$807,775"
For Whom the Bell Tolls,0.0,3000000,"Drama, History, Romance, Thriller",6.8,N/A
For Whom the Bell Tolls,0.0,3000000,"Drama, History, Romance, Thriller",6.8,N/A
For Whom the Bell Tolls,0.0,3000000,"Drama, History, Romance, Thriller",6.8,N/A
The Philadelphia Story,0.0,0,"Comedy, Romance",7.8,"$404,524"
The Philadelphia Story,0.0,0,"Comedy, Romance",7.8,"$404,524"
Singin' in the Rain,7200000.0,2540800,"Comedy, Music, Romance",8.3,"$1,884,537"
Singin' in the Rain,7200000.0,2540800,"Comedy, Music, Romance",8.3,"$1,884,537"
Singin' in the Rain,7200000.0,2540800,"Comedy, Music, Romance",8.3,"$1,884,537"
An American in Paris,4500000.0,2723903,"Drama, Comedy, Music, Romance",7.1,"$267,824"
An American in Paris,4500000.0,2723903,"Drama, Comedy, Music, Romance",7.1,"$267,824"
An American in Paris,4500000.0,2723903,"Drama, Comedy, Music, Romance",7.1,"$267,824"
Funny Face,0.0,0,"Music, Comedy, Romance",7.0,N/A
Funny Face,0.0,0,"Music, Comedy, Romance",7.0,N/A
Funny Face,0.0,0,"Music, Comedy, Romance",7.0,N/A
Breakfast at Tiffany's,9500000.0,2500000,"Comedy, Drama, Romance",7.5,N/A
Breakfast at Tiffany's,9500000.0,2500000,"Comedy, Drama, Romance",7.5,N/A
Breakfast at Tiffany's,9500000.0,2500000,"Comedy, Drama, Romance",7.5,N/A
Vertigo,28000000.0,2479000,"Mystery, Romance, Thriller",8.2,"$7,863,310"
Vertigo,28000000.0,2479000,"Mystery, Romance, Thriller",8.2,"$7,863,310"
Vertigo,28000000.0,2479000,"Mystery, Romance, Thriller",8.2,"$7,863,310"
Rear Window,36764313.0,1000000,"Drama, Mystery, Thriller",8.5,"$37,622,343"
Rear Window,36764313.0,1000000,"Drama, Mystery, Thriller",8.5,"$37,622,343"
Rear Window,36764313.0,1000000,"Drama, Mystery, Thriller",8.5,"$37,622,343"
It Happened One Night,4500000.0,325000,"Comedy, Romance",8.1,N/A
It Happened One Night,4500000.0,325000,"Comedy, Romance",8.1,N/A
Gaslight,0.0,2068000,"Drama, Mystery, Thriller, Crime",7.8,N/A
Gaslight,0.0,2068000,"Drama, Mystery, Thriller, Crime",7.8,N/A
Gaslight,0.0,2068000,"Drama, Mystery, Thriller, Crime",7.8,N/A
The Gay Divorcee,0.0,520000,"Comedy, Music, Romance",7.3,N/A
The Gay Divorcee,0.0,520000,"Comedy, Music, Romance",7.3,N/A
The Gay Divorcee,0.0,520000,"Comedy, Music, Romance",7.3,N/A
North by Northwest,13275000.0,4000000,"Mystery, Thriller",8.3,"$66,728"
North by Northwest,13275000.0,4000000,"Mystery, Thriller",8.3,"$66,728"
North by Northwest,13275000.0,4000000,"Mystery, Thriller",8.3,"$66,728"
The Apartment,25000000.0,3000000,"Comedy, Drama, Romance",8.3,"$18,600,000"
The Apartment,25000000.0,3000000,"Comedy, Drama, Romance",8.3,"$18,600,000"
The Apartment,25000000.0,3000000,"Comedy, Drama, Romance",8.3,"$18,600,000"
Some Like It Hot,25000000.0,2883848,"Comedy, Romance",8.2,N/A
Some Like It Hot,25000000.0,2883848,"Comedy, Romance",8.2,N/A
Some Like It Hot,25000000.0,2883848,"Comedy, Romance",8.2,N/A
Charade,13474588.0,4000000,"Comedy, Mystery, Romance, Thriller",7.8,N/A
Charade,13474588.0,4000000,"Comedy, Mystery, Romance, Thriller",7.8,N/A
Charade,13474588.0,4000000,"Comedy, Mystery, Romance, Thriller",7.8,N/A
Casablanca,10462500.0,878000,"Drama, Romance",8.5,"$4,219,709"
Casablanca,10462500.0,878000,"Drama, Romance",8.5,"$4,219,709"
Casablanca,10462500.0,878000,"Drama, Romance",8.5,"$4,219,709"
The Maltese Falcon,1000000.0,375000,"Mystery, Crime, Thriller",7.9,"$18,180"
The Maltese Falcon,1000000.0,375000,"Mystery, Crime, Thriller",7.9,"$18,180"
The Maltese Falcon,1000000.0,375000,"Mystery, Crime, Thriller",7.9,"$18,180"
My Fair Lady,72070731.0,17000000,"Drama, Family, Music, Romance",7.7,"$72,560,711"
My Fair Lady,72070731.0,17000000,"Drama, Family, Music, Romance",7.7,"$72,560,711"
My Fair Lady,72070731.0,17000000,"Drama, Family, Music, Romance",7.7,"$72,560,711"
Sabrina,10000000.0,2238813,"Comedy, Drama, Romance",7.6,N/A
Sabrina,10000000.0,2238813,"Comedy, Drama, Romance",7.6,N/A
Sabrina,10000000.0,2238813,"Comedy, Drama, Romance",7.6,N/A
Sabrina,10000000.0,2238813,"Comedy, Drama, Romance",7.6,N/A
Sabrina,10000000.0,2238813,"Comedy, Drama, Romance",7.6,N/A
Sabrina,10000000.0,2238813,"Comedy, Drama, Romance",7.6,N/A
Roman Holiday,12000000.0,1500000,"Comedy, Romance",8.0,N/A
Roman Holiday,12000000.0,1500000,"Comedy, Romance",8.0,N/A
Roman Holiday,12000000.0,1500000,"Comedy, Romance",8.0,N/A
The Little Princess,0.0,0,"Drama, Comedy, Family",7.1,N/A
The Little Princess,0.0,0,"Drama, Comedy, Family",7.1,N/A
The Little Princess,0.0,0,"Drama, Comedy, Family",7.1,N/A
Meet Me in St. Louis,0.0,0,"Comedy, Music, Romance",7.5,"$415,008"
Meet Me in St. Louis,0.0,0,"Comedy, Music, Romance",7.5,"$415,008"
Meet Me in St. Louis,0.0,0,"Comedy, Music, Romance",7.5,"$415,008"
The Wizard of Oz,33754967.0,2777000,"Adventure, Family, Fantasy",8.1,"$24,668,669"
The Wizard of Oz,33754967.0,2777000,"Adventure, Family, Fantasy",8.1,"$24,668,669"
The Wizard of Oz,33754967.0,2777000,"Adventure, Family, Fantasy",8.1,"$24,668,669"
Gone with the Wind,400176459.0,4000000,"Drama, Romance, War",8.2,"$200,882,193"
Gone with the Wind,400176459.0,4000000,"Drama, Romance, War",8.2,"$200,882,193"
Gone with the Wind,400176459.0,4000000,"Drama, Romance, War",8.2,"$200,882,193"
My Favorite Year,0.0,0,"Comedy, Drama",7.3,"$20,123,620"
My Favorite Year,0.0,0,"Comedy, Drama",7.3,"$20,123,620"
Sunset Boulevard,5000000.0,1752000,Drama,8.4,"$299,645"
Sunset Boulevard,5000000.0,1752000,Drama,8.4,"$299,645"
Citizen Kane,23217674.0,839727,"Mystery, Drama",8.2,"$1,627,530"
Citizen Kane,23217674.0,839727,"Mystery, Drama",8.2,"$1,627,530"
2001: A Space Odyssey,68700000.0,10500000,"Science Fiction, Mystery, Adventure",8.3,"$60,481,243"
2001: A Space Odyssey,68700000.0,10500000,"Science Fiction, Mystery, Adventure",8.3,"$60,481,243"
Golden Earrings,0.0,0,"Adventure, Romance",6.6,N/A
Golden Earrings,0.0,0,"Adventure, Romance",6.6,N/A
Golden Earrings,0.0,0,"Adventure, Romance",6.6,N/A
All About Eve,63463.0,1400000,Drama,8.2,"$63,463"
The Women,2270000.0,1688000,"Comedy, Drama",5.0,"$26,902,075"
The Women,2270000.0,1688000,"Comedy, Drama",5.0,"$26,902,075"
Rebecca,6000000.0,1288000,"Drama, Mystery",8.1,N/A
Rebecca,6000000.0,1288000,"Drama, Mystery",8.1,N/A
Rebecca,6000000.0,1288000,"Drama, Mystery",8.1,N/A
Foreign Correspondent,0.0,0,"Mystery, Thriller, War",7.4,N/A
Foreign Correspondent,0.0,0,"Mystery, Thriller, War",7.4,N/A
Foreign Correspondent,0.0,0,"Mystery, Thriller, War",7.4,N/A
Notorious,24464742.0,2000000,"Thriller, Drama, Romance",7.9,N/A
Notorious,24464742.0,2000000,"Thriller, Drama, Romance",7.9,N/A
Notorious,24464742.0,2000000,"Thriller, Drama, Romance",7.9,N/A
Spellbound,7000000.0,1500000,"Drama, Mystery, Thriller",7.5,N/A
Spellbound,7000000.0,1500000,"Drama, Mystery, Thriller",7.5,N/A
Spellbound,7000000.0,1500000,"Drama, Mystery, Thriller",7.5,N/A
An Affair to Remember,0.0,0,"Drama, Romance",7.4,"$3,850,000"
An Affair to Remember,0.0,0,"Drama, Romance",7.4,"$3,850,000"
To Catch a Thief,8750000.0,2500000,"Crime, Drama, Mystery, Romance, Thriller",7.4,N/A
To Catch a Thief,8750000.0,2500000,"Crime, Drama, Mystery, Romance, Thriller",7.4,N/A
To Catch a Thief,8750000.0,2500000,"Crime, Drama, Mystery, Romance, Thriller",7.4,N/A
Father of the Bride,0.0,0,"Comedy, Drama, Family, Romance",6.6,"$89,325,780"
Father of the Bride,0.0,0,"Comedy, Drama, Family, Romance",6.6,"$89,325,780"
Father of the Bride,0.0,0,"Comedy, Drama, Family, Romance",6.6,"$89,325,780"
The Band Wagon,0.0,0,"Comedy, Music",7.4,N/A
The Band Wagon,0.0,0,"Comedy, Music",7.4,N/A
The Band Wagon,0.0,0,"Comedy, Music",7.4,N/A
Ninotchka,2279000.0,1365000,"Comedy, Romance",7.8,N/A
Ninotchka,2279000.0,1365000,"Comedy, Romance",7.8,N/A
Love in the Afternoon,0.0,0,"Comedy, Drama, Romance",7.1,N/A
Love in the Afternoon,0.0,0,"Comedy, Drama, Romance",7.1,N/A
Love in the Afternoon,0.0,0,"Comedy, Drama, Romance",7.1,N/A
Gigi,0.0,0,"Comedy, Music, Romance",6.6,N/A
Gigi,0.0,0,"Comedy, Music, Romance",6.6,N/A
Gigi,0.0,0,"Comedy, Music, Romance",6.6,N/A
The Reluctant Debutante,0.0,0,"Comedy, Romance",6.7,N/A
The Reluctant Debutante,0.0,0,"Comedy, Romance",6.7,N/A
The Adventures of Robin Hood,3981000.0,2033000,"Action, Adventure, Romance",7.9,N/A
The Adventures of Robin Hood,3981000.0,2033000,"Action, Adventure, Romance",7.9,N/A
The Adventures of Robin Hood,3981000.0,2033000,"Action, Adventure, Romance",7.9,N/A
The Mark of Zorro,0.0,0,"Action, Adventure, Drama, Romance, Western",7.5,N/A
The Mark of Zorro,0.0,0,"Action, Adventure, Drama, Romance, Western",7.5,N/A
The Mark of Zorro,0.0,0,"Action, Adventure, Drama, Romance, Western",7.5,N/A
Laura,2000000.0,1020000,"Drama, Mystery",7.9,N/A
Laura,2000000.0,1020000,"Drama, Mystery",7.9,N/A
Laura,2000000.0,1020000,"Drama, Mystery",7.9,N/A
The Ghost and Mrs. Muir,0.0,0,"Fantasy, Romance, Mystery",7.8,N/A
The Ghost and Mrs. Muir,0.0,0,"Fantasy, Romance, Mystery",7.8,N/A
The Ghost and Mrs. Muir,0.0,0,"Fantasy, Romance, Mystery",7.8,N/A
Lost Horizon,0.0,4000000,"Adventure, Fantasy, Drama, Mystery",7.6,N/A
Lost Horizon,0.0,4000000,"Adventure, Fantasy, Drama, Mystery",7.6,N/A
Lost Horizon,0.0,4000000,"Adventure, Fantasy, Drama, Mystery",7.6,N/A
Top Hat,3202000.0,609000,"Comedy, Music, Romance",7.7,N/A
Top Hat,3202000.0,609000,"Comedy, Music, Romance",7.7,N/A
Top Hat,3202000.0,609000,"Comedy, Music, Romance",7.7,N/A
To Be or Not to Be,0.0,0,"Comedy, War",8.1,"$3,270,000"
To Be or Not to Be,0.0,0,"Comedy, War",8.1,"$3,270,000"
To Be or Not to Be,0.0,0,"Comedy, War",8.1,"$3,270,000"
My Man Godfrey,0.0,0,"Comedy, Romance",7.9,N/A
My Man Godfrey,0.0,0,"Comedy, Romance",7.9,N/A
My Man Godfrey,0.0,0,"Comedy, Romance",7.9,N/A
Giant,35000000.0,5400000,"Action, Drama, Western",7.6,"$32,855,818"
Giant,35000000.0,5400000,"Action, Drama, Western",7.6,"$32,855,818"
East of Eden,5.0,1,Drama,7.8,N/A
The Thin Man,1423000.0,226408,"Comedy, Crime, Mystery",7.9,N/A
The Thin Man,1423000.0,226408,"Comedy, Crime, Mystery",7.9,N/A
The Thin Man,1423000.0,226408,"Comedy, Crime, Mystery",7.9,N/A
His Girl Friday,0.0,0,"Comedy, Drama",7.8,"$296,000"
His Girl Friday,0.0,0,"Comedy, Drama",7.8,"$296,000"
His Girl Friday,0.0,0,"Comedy, Drama",7.8,"$296,000"
Around the World in Eighty Days,42000000.0,6000000,"Adventure, Comedy, Family, Fantasy, Romance",7.6,
Around the World in Eighty Days,42000000.0,6000000,"Adventure, Comedy, Family, Fantasy, Romance",7.6,
Around the World in Eighty Days,42000000.0,6000000,"Adventure, Comedy, Family, Fantasy, Romance",7.6,
It's a Wonderful Life,9644124.0,3180000,"Drama, Family, Fantasy",8.6,"$1,483,643"
It's a Wonderful Life,9644124.0,3180000,"Drama, Family, Fantasy",8.6,"$1,483,643"
It's a Wonderful Life,9644124.0,3180000,"Drama, Family, Fantasy",8.6,"$1,483,643"
Mr. Smith Goes to Washington,9600000.0,1500000,"Comedy, Drama",8.1,"$144,738"
Mr. Smith Goes to Washington,9600000.0,1500000,"Comedy, Drama",8.1,"$144,738"
Bringing Up Baby,0.0,1073000,"Comedy, Romance",7.8,N/A
Penny Serenade,0.0,0,"Drama, Romance",7.0,N/A
Penny Serenade,0.0,0,"Drama, Romance",7.0,N/A
The Scarlet Letter,0.0,0,Drama,5.3,"$10,382,407"
The Scarlet Letter,0.0,0,Drama,5.3,"$10,382,407"
The Scarlet Letter,0.0,0,Drama,5.3,"$10,382,407"
The Scarlet Letter,0.0,0,Drama,5.3,"$10,382,407"
Lady of Burlesque,0.0,0,"Comedy, Thriller, Mystery, Romance",6.3,N/A
Lady of Burlesque,0.0,0,"Comedy, Thriller, Mystery, Romance",6.3,N/A
Lady of Burlesque,0.0,0,"Comedy, Thriller, Mystery, Romance",6.3,N/A
Of Human Bondage,0.0,0,Drama,7.0,N/A
Of Human Bondage,0.0,0,Drama,7.0,N/A
Of Human Bondage,0.0,0,Drama,7.0,N/A
Angel on My Shoulder,0.0,0,"Comedy, Fantasy, Romance",6.8,N/A
Angel on My Shoulder,0.0,0,"Comedy, Fantasy, Romance",6.8,N/A
Angel on My Shoulder,0.0,0,"Comedy, Fantasy, Romance",6.8,N/A
Little Lord Fauntleroy,0.0,0,"Drama, Family",7.4,N/A
Little Lord Fauntleroy,0.0,0,"Drama, Family",7.4,N/A
Little Lord Fauntleroy,0.0,0,"Drama, Family",7.4,N/A
They Made Me a Criminal,0.0,0,"Thriller, Crime, Drama, Mystery",6.8,N/A
They Made Me a Criminal,0.0,0,"Thriller, Crime, Drama, Mystery",6.8,N/A
They Made Me a Criminal,0.0,0,"Thriller, Crime, Drama, Mystery",6.8,N/A
The Inspector General,0.0,0,"Comedy, Music, Romance",6.7,N/A
The Inspector General,0.0,0,"Comedy, Music, Romance",6.7,N/A
The Inspector General,0.0,0,"Comedy, Music, Romance",6.7,N/A
Angel and the Badman,0.0,0,"Romance, Western",6.8,"$4,070,000"
Angel and the Badman,0.0,0,"Romance, Western",6.8,"$4,070,000"
Angel and the Badman,0.0,0,"Romance, Western",6.8,"$4,070,000"
The 39 Steps,0.0,0,"Action, Thriller, Mystery",7.6,N/A
The 39 Steps,0.0,0,"Action, Thriller, Mystery",7.6,N/A
The 39 Steps,0.0,0,"Action, Thriller, Mystery",7.6,N/A
A Walk in the Sun,0.0,0,"War, Drama",6.9,N/A
A Walk in the Sun,0.0,0,"War, Drama",6.9,N/A
The Outlaw,0.0,0,"Action, Adventure, Western",5.4,N/A
The Outlaw,0.0,0,"Action, Adventure, Western",5.4,N/A
The Outlaw,0.0,0,"Action, Adventure, Western",5.4,N/A
Night of the Living Dead,30000000.0,114000,Horror,7.8,"$236,452"
Night of the Living Dead,30000000.0,114000,Horror,7.8,"$236,452"
The African Queen,10750000.0,1300000,"Adventure, War, Romance",7.7,N/A
The African Queen,10750000.0,1300000,"Adventure, War, Romance",7.7,N/A
The African Queen,10750000.0,1300000,"Adventure, War, Romance",7.7,N/A
Beat the Devil,0.0,1000000,"Action, Adventure, Comedy, Crime, Drama, Romance",6.4,N/A
Beat the Devil,0.0,1000000,"Action, Adventure, Comedy, Crime, Drama, Romance",6.4,N/A
Beat the Devil,0.0,1000000,"Action, Adventure, Comedy, Crime, Drama, Romance",6.4,N/A
Cat on a Hot Tin Roof,17570324.0,3000000,"Drama, Romance",7.9,N/A
The Last Time I Saw Paris,105.0,0,"Romance, Drama",6.1,N/A
The Last Time I Saw Paris,105.0,0,"Romance, Drama",6.1,N/A
Meet John Doe,0.0,0,"Drama, Comedy, Romance",7.6,N/A
Meet John Doe,0.0,0,"Drama, Comedy, Romance",7.6,N/A
Meet John Doe,0.0,0,"Drama, Comedy, Romance",7.6,N/A
Algiers,0.0,0,"Drama, Action, Mystery, Romance",6.6,N/A
Algiers,0.0,0,"Drama, Action, Mystery, Romance",6.6,N/A
Algiers,0.0,0,"Drama, Action, Mystery, Romance",6.6,N/A
Something to Sing About,0.0,0,Comedy,6.2,N/A
Something to Sing About,0.0,0,Comedy,6.2,N/A
A Farewell to Arms,25.0,4,"Drama, Romance, War",6.4,N/A
A Farewell to Arms,25.0,4,"Drama, Romance, War",6.4,N/A
A Farewell to Arms,25.0,4,"Drama, Romance, War",6.4,N/A
Moonlight Murder,0.0,0,"Music, Mystery",5.9,N/A
Moonlight Murder,0.0,0,"Music, Mystery",5.9,N/A
Moonlight Murder,0.0,0,"Music, Mystery",5.9,N/A
Nothing Personal,0.0,0,Drama,7.0,N/A
Dangerous Ground,3028094.0,0,Drama,4.4,"$5,303,931"
Dangerous Ground,3028094.0,0,Drama,4.4,"$5,303,931"
Dangerous Ground,3028094.0,0,Drama,4.4,"$5,303,931"
Picnic,0.0,0,"Drama, Romance",7.0,N/A
Picnic,0.0,0,"Drama, Romance",7.0,N/A
Madagascar Skin,0.0,0,,6.0,N/A
Madagascar Skin,0.0,0,,6.0,N/A
The Pompatus of Love,0.0,0,"Comedy, Romance, Drama",5.3,N/A
The Pompatus of Love,0.0,0,"Comedy, Romance, Drama",5.3,N/A
The Pompatus of Love,0.0,0,"Comedy, Romance, Drama",5.3,N/A
Small Wonders,0.0,0,"Documentary, Family",7.4,"$20,819"
Small Wonders,0.0,0,"Documentary, Family",7.4,"$20,819"
Small Wonders,0.0,0,"Documentary, Family",7.4,"$20,819"
Fly Away Home,0.0,0,"Action, Adventure, Drama, Family",6.9,"$25,143,818"
Fly Away Home,0.0,0,"Action, Adventure, Drama, Family",6.9,"$25,143,818"
Fly Away Home,0.0,0,"Action, Adventure, Drama, Family",6.9,"$25,143,818"
Bliss,294064.0,0,"Drama, Romance",5.4,N/A
Bliss,294064.0,0,"Drama, Romance",5.4,N/A
Bliss,294064.0,0,"Drama, Romance",5.4,N/A
Grace of My Heart,0.0,0,"Drama, Comedy, Music",6.7,"$660,313"
Grace of My Heart,0.0,0,"Drama, Comedy, Music",6.7,"$660,313"
Grace of My Heart,0.0,0,"Drama, Comedy, Music",6.7,"$660,313"
Brother of Sleep,0.0,0,Drama,7.0,"$97,848"
Brother of Sleep,0.0,0,Drama,7.0,"$97,848"
Brother of Sleep,0.0,0,Drama,7.0,"$97,848"
Maximum Risk,51702483.0,25000000,"Action, Adventure, Thriller",5.6,"$14,502,483"
Maximum Risk,51702483.0,25000000,"Action, Adventure, Thriller",5.6,"$14,502,483"
Maximum Risk,51702483.0,25000000,"Action, Adventure, Thriller",5.6,"$14,502,483"
Michael Collins,16900000.0,28000000,"Drama, Thriller",7.1,"$11,092,559"
Michael Collins,16900000.0,28000000,"Drama, Thriller",7.1,"$11,092,559"
Michael Collins,16900000.0,28000000,"Drama, Thriller",7.1,"$11,092,559"
The Rich Man's Wife,8538318.0,0,"Drama, Thriller",5.3,"$8,543,587"
The Rich Man's Wife,8538318.0,0,"Drama, Thriller",5.3,"$8,543,587"
Infinity,0.0,0,"Drama, Romance",6.1,"$195,170"
Infinity,0.0,0,"Drama, Romance",6.1,"$195,170"
Big Night,0.0,0,Drama,7.3,"$12,008,376"
Big Night,0.0,0,Drama,7.3,"$12,008,376"
Last Man Standing,47267001.0,67000000,"Action, Crime, Drama, Thriller",6.4,"$18,115,927"
Last Man Standing,47267001.0,67000000,"Action, Crime, Drama, Thriller",6.4,"$18,115,927"
Last Man Standing,47267001.0,67000000,"Action, Crime, Drama, Thriller",6.4,"$18,115,927"
Caught,0.0,0,"Action, Drama, Thriller",7.0,N/A
Caught,0.0,0,"Action, Drama, Thriller",7.0,N/A
Caught,0.0,0,"Action, Drama, Thriller",7.0,N/A
Set It Off,41590886.0,9000000,"Drama, Action, Crime",6.9,"$36,461,139"
Set It Off,41590886.0,9000000,"Drama, Action, Crime",6.9,"$36,461,139"
Set It Off,41590886.0,9000000,"Drama, Action, Crime",6.9,"$36,461,139"
2 Days in the Valley,0.0,0,"Comedy, Crime",6.5,"$11,132,210"
2 Days in the Valley,0.0,0,"Comedy, Crime",6.5,"$11,132,210"
2 Days in the Valley,0.0,0,"Comedy, Crime",6.5,"$11,132,210"
Curdled,49620.0,2300000,"Comedy, Crime, Thriller",5.9,"$49,620"
Curdled,49620.0,2300000,"Comedy, Crime, Thriller",5.9,"$49,620"
Curdled,49620.0,2300000,"Comedy, Crime, Thriller",5.9,"$49,620"
L'associé,0.0,0,Comedy,5.9,N/A
Ed's Next Move,0.0,0,,6.3,"$106,791"
Ed's Next Move,0.0,0,,6.3,"$106,791"
Extreme Measures,17380126.0,38000000,"Drama, Thriller",6.2,"$17,380,126"
Extreme Measures,17380126.0,38000000,"Drama, Thriller",6.2,"$17,380,126"
Extreme Measures,17380126.0,38000000,"Drama, Thriller",6.2,"$17,380,126"
The Glimmer Man,0.0,45000000,"Action, Adventure, Crime, Drama, Thriller",5.4,"$20,351,264"
The Glimmer Man,0.0,45000000,"Action, Adventure, Crime, Drama, Thriller",5.4,"$20,351,264"
The Glimmer Man,0.0,45000000,"Action, Adventure, Crime, Drama, Thriller",5.4,"$20,351,264"
D3: The Mighty Ducks,22955097.0,0,"Action, Comedy, Drama, Family",5.5,"$22,955,097"
D3: The Mighty Ducks,22955097.0,0,"Action, Comedy, Drama, Family",5.5,"$22,955,097"
D3: The Mighty Ducks,22955097.0,0,"Action, Comedy, Drama, Family",5.5,"$22,955,097"
The Chamber,22540359.0,50000000,"Crime, Drama",6.0,"$14,551,359"
The Chamber,22540359.0,50000000,"Crime, Drama",6.0,"$14,551,359"
The Chamber,22540359.0,50000000,"Crime, Drama",6.0,"$14,551,359"
The Apple Dumpling Gang,0.0,0,"Comedy, Family",6.4,"$36,853,000"
The Apple Dumpling Gang,0.0,0,"Comedy, Family",6.4,"$36,853,000"
The Apple Dumpling Gang,0.0,0,"Comedy, Family",6.4,"$36,853,000"
Escape to Witch Mountain,20000000.0,0,"Adventure, Fantasy, Science Fiction, Family",6.3,"$20,000,000"
Escape to Witch Mountain,20000000.0,0,"Adventure, Fantasy, Science Fiction, Family",6.3,"$20,000,000"
Escape to Witch Mountain,20000000.0,0,"Adventure, Fantasy, Science Fiction, Family",6.3,"$20,000,000"
The Love Bug,0.0,0,"Comedy, Family, Fantasy",6.5,"$51,264,000"
The Love Bug,0.0,0,"Comedy, Family, Fantasy",6.5,"$51,264,000"
The Love Bug,0.0,0,"Comedy, Family, Fantasy",6.5,"$51,264,000"
Herbie Rides Again,0.0,0,"Romance, Comedy, Family, Fantasy",5.7,"$38,229,000"
Herbie Rides Again,0.0,0,"Romance, Comedy, Family, Fantasy",5.7,"$38,229,000"
Herbie Rides Again,0.0,0,"Romance, Comedy, Family, Fantasy",5.7,"$38,229,000"
Old Yeller,0.0,0,"Adventure, Drama, Western",7.2,"$21,909,000"
Old Yeller,0.0,0,"Adventure, Drama, Western",7.2,"$21,909,000"
Old Yeller,0.0,0,"Adventure, Drama, Western",7.2,"$21,909,000"
The Parent Trap,0.0,0,"Comedy, Family",6.7,"$66,308,518"
The Parent Trap,0.0,0,"Comedy, Family",6.7,"$66,308,518"
The Parent Trap,0.0,0,"Comedy, Family",6.7,"$66,308,518"
Pollyanna,0.0,0,Adventure,7.4,N/A
Pollyanna,0.0,0,Adventure,7.4,N/A
Pollyanna,0.0,0,Adventure,7.4,N/A
Homeward Bound: The Incredible Journey,0.0,0,"Adventure, Comedy, Drama, Family",7.0,"$41,833,324"
Homeward Bound: The Incredible Journey,0.0,0,"Adventure, Comedy, Drama, Family",7.0,"$41,833,324"
Homeward Bound: The Incredible Journey,0.0,0,"Adventure, Comedy, Drama, Family",7.0,"$41,833,324"
The Shaggy Dog,0.0,0,"Comedy, Family",4.4,"$61,123,569"
The Shaggy Dog,0.0,0,"Comedy, Family",4.4,"$61,123,569"
The Shaggy Dog,0.0,0,"Comedy, Family",4.4,"$61,123,569"
Swiss Family Robinson,0.0,0,"Adventure, Family",7.1,"$40,356,000"
Swiss Family Robinson,0.0,0,"Adventure, Family",7.1,"$40,356,000"
That Darn Cat!,0.0,0,"Drama, Family, Comedy",6.7,"$28,062,222"
That Darn Cat!,0.0,0,"Drama, Family, Comedy",6.7,"$28,062,222"
That Darn Cat!,0.0,0,"Drama, Family, Comedy",6.7,"$28,062,222"
"20,000 Leagues Under the Sea",28200000.0,5000000,"Adventure, Drama, Science Fiction",7.2,N/A
"20,000 Leagues Under the Sea",28200000.0,5000000,"Adventure, Drama, Science Fiction",7.2,N/A
"20,000 Leagues Under the Sea",28200000.0,5000000,"Adventure, Drama, Science Fiction",7.2,N/A
Cool Runnings,154864401.0,14000000,Comedy,7.0,"$68,856,263"
Cool Runnings,154864401.0,14000000,Comedy,7.0,"$68,856,263"
Cool Runnings,154864401.0,14000000,Comedy,7.0,"$68,856,263"
Angels in the Outfield,50236831.0,0,"Fantasy, Drama, Comedy, Family",6.2,"$50,236,831"
Angels in the Outfield,50236831.0,0,"Fantasy, Drama, Comedy, Family",6.2,"$50,236,831"
Angels in the Outfield,50236831.0,0,"Fantasy, Drama, Comedy, Family",6.2,"$50,236,831"
Cinderella,263591415.0,2900000,"Family, Fantasy, Animation, Romance",6.9,"$201,151,353"
Cinderella,263591415.0,2900000,"Family, Fantasy, Animation, Romance",6.9,"$201,151,353"
Cinderella,263591415.0,2900000,"Family, Fantasy, Animation, Romance",6.9,"$201,151,353"
Winnie the Pooh and the Blustery Day,0.0,0,"Animation, Family, Music",7.9,N/A
Winnie the Pooh and the Blustery Day,0.0,0,"Animation, Family, Music",7.9,N/A
Winnie the Pooh and the Blustery Day,0.0,0,"Animation, Family, Music",7.9,N/A
The Three Caballeros,0.0,0,"Animation, Family, Music",6.3,"$3,477,100"
The Three Caballeros,0.0,0,"Animation, Family, Music",6.3,"$3,477,100"
The Three Caballeros,0.0,0,"Animation, Family, Music",6.3,"$3,477,100"
The Sword in the Stone,22182353.0,3000000,"Animation, Family",7.1,"$12,000,000"
The Sword in the Stone,22182353.0,3000000,"Animation, Family",7.1,"$12,000,000"
The Sword in the Stone,22182353.0,3000000,"Animation, Family",7.1,"$12,000,000"
So Dear to My Heart,0.0,0,"Animation, Drama, Family",6.7,N/A
So Dear to My Heart,0.0,0,"Animation, Drama, Family",6.7,N/A
So Dear to My Heart,0.0,0,"Animation, Drama, Family",6.7,N/A
Robin Hood: Prince of Thieves,390493908.0,48000000,Adventure,6.9,"$165,493,908"
Robin Hood: Prince of Thieves,390493908.0,48000000,Adventure,6.9,"$165,493,908"
Robin Hood: Prince of Thieves,390493908.0,48000000,Adventure,6.9,"$165,493,908"
Mary Poppins,102272727.0,6000000,"Comedy, Family, Fantasy",7.8,"$102,272,727"
Mary Poppins,102272727.0,6000000,"Comedy, Family, Fantasy",7.8,"$102,272,727"
Mary Poppins,102272727.0,6000000,"Comedy, Family, Fantasy",7.8,"$102,272,727"
The Killer,0.0,0,"Action, Crime, Drama, Thriller",6.7,N/A
The Killer,0.0,0,"Action, Crime, Drama, Thriller",6.7,N/A
The Killer,0.0,0,"Action, Crime, Drama, Thriller",6.7,N/A
The Promise,0.0,0,"Drama, Romance",6.1,"$8,224,288"
The Promise,0.0,0,"Drama, Romance",6.1,"$8,224,288"
The Promise,0.0,0,"Drama, Romance",6.1,"$8,224,288"
The Postman,17626234.0,80000000,"Drama, Adventure",6.1,"$17,626,234"
The Postman,17626234.0,80000000,"Drama, Adventure",6.1,"$17,626,234"
The Postman,17626234.0,80000000,"Drama, Adventure",6.1,"$17,626,234"
The Parent Trap,0.0,0,"Comedy, Drama, Family",6.7,"$66,308,518"
The Parent Trap,0.0,0,"Comedy, Drama, Family",6.7,"$66,308,518"
The Parent Trap,0.0,0,"Comedy, Drama, Family",6.7,"$66,308,518"
The Jungle Book,205843612.0,4000000,"Family, Animation, Adventure",7.3,"$364,001,123"
The Jungle Book,205843612.0,4000000,"Family, Animation, Adventure",7.3,"$364,001,123"
The Jungle Book,205843612.0,4000000,"Family, Animation, Adventure",7.3,"$364,001,123"
The Nutty Professor,0.0,0,"Comedy, Family, Romance, Science Fiction",5.7,"$128,814,019"
The Nutty Professor,0.0,0,"Comedy, Family, Romance, Science Fiction",5.7,"$128,814,019"
The Nutty Professor,0.0,0,"Comedy, Family, Romance, Science Fiction",5.7,"$128,814,019"
Miracle on 34th Street,0.0,0,"Drama, Family",7.9,N/A
Miracle on 34th Street,0.0,0,"Drama, Family",7.9,N/A
Miracle on 34th Street,0.0,0,"Drama, Family",7.9,N/A
The Ballad of Narayama,0.0,0,Drama,7.8,N/A
The Ballad of Narayama,0.0,0,Drama,7.8,N/A
The Ballad of Narayama,0.0,0,Drama,7.8,N/A
Village of the Damned,0.0,200000,"Horror, Science Fiction",5.6,"$9,418,365"
Village of the Damned,0.0,200000,"Horror, Science Fiction",5.6,"$9,418,365"
Village of the Damned,0.0,200000,"Horror, Science Fiction",5.6,"$9,418,365"
True Crime,0.0,0,"Crime, Drama",6.6,"$16,649,768"
True Crime,0.0,0,"Crime, Drama",6.6,"$16,649,768"
True Crime,0.0,0,"Crime, Drama",6.6,"$16,649,768"
Heaven,0.0,0,"Crime, Thriller",6.9,"$784,399"
Heaven,0.0,0,"Crime, Thriller",6.9,"$784,399"
Heaven,0.0,0,"Crime, Thriller",6.9,"$784,399"
Othello,0.0,0,"Drama, Romance",6.8,"$2,844,379"
Othello,0.0,0,"Drama, Romance",6.8,"$2,844,379"
My Man Godfrey,0.0,0,Comedy,7.9,N/A
My Man Godfrey,0.0,0,Comedy,7.9,N/A
My Man Godfrey,0.0,0,Comedy,7.9,N/A
Little Women,0.0,424,"Drama, Family",7.8,"$108,101,214"
Little Women,0.0,424,"Drama, Family",7.8,"$108,101,214"
The Convent,0.0,0,"Horror, Thriller, Comedy",5.1,N/A
The Convent,0.0,0,"Horror, Thriller, Comedy",5.1,N/A
The Hunchback of Notre Dame,0.0,0,"Horror, Drama, History",7.0,"$100,138,851"
The Hunchback of Notre Dame,0.0,0,"Horror, Drama, History",7.0,"$100,138,851"
The Hunchback of Notre Dame,0.0,0,"Horror, Drama, History",7.0,"$100,138,851"
Bad Company,65977295.0,70000000,"Action, Adventure, Comedy, Thriller",5.6,"$30,160,161"
Bad Company,65977295.0,70000000,"Action, Adventure, Comedy, Thriller",5.6,"$30,160,161"
Bad Company,65977295.0,70000000,"Action, Adventure, Comedy, Thriller",5.6,"$30,160,161"
Bad Company,0.0,0,"Western, Drama",5.6,"$30,160,161"
Bad Company,0.0,0,"Western, Drama",5.6,"$30,160,161"
Bad Company,0.0,0,"Western, Drama",5.6,"$30,160,161"
Mad Love,0.0,4800000,"Drama, History, Romance, Foreign",5.3,"$15,453,274"
Mad Love,0.0,4800000,"Drama, History, Romance, Foreign",5.3,"$15,453,274"
Mad Love,0.0,4800000,"Drama, History, Romance, Foreign",5.3,"$15,453,274"
Heaven,0.0,11000000,"Drama, Thriller, Romance, Crime",6.9,"$784,399"
Heaven,0.0,11000000,"Drama, Thriller, Romance, Crime",6.9,"$784,399"
Heaven,0.0,11000000,"Drama, Thriller, Romance, Crime",6.9,"$784,399"
The Fan,0.0,0,"Drama, Horror, Thriller",5.9,"$18,626,419"
The Fan,0.0,0,"Drama, Horror, Thriller",5.9,"$18,626,419"
The Fan,0.0,0,"Drama, Horror, Thriller",5.9,"$18,626,419"
Pinocchio,41323171.0,40000000,"Comedy, Family, Fantasy",7.5,"$84,254,167"
Pinocchio,41323171.0,40000000,"Comedy, Family, Fantasy",7.5,"$84,254,167"
Pinocchio,41323171.0,40000000,"Comedy, Family, Fantasy",7.5,"$84,254,167"
The Hunted,34234008.0,55000000,"Drama, Action, Thriller, Crime",6.1,"$34,244,097"
The Hunted,34234008.0,55000000,"Drama, Action, Thriller, Crime",6.1,"$34,244,097"
The Hunted,34234008.0,55000000,"Drama, Action, Thriller, Crime",6.1,"$34,244,097"
Spellbound,0.0,0,Documentary,7.5,N/A
Spellbound,0.0,0,Documentary,7.5,N/A
Spellbound,0.0,0,Documentary,7.5,N/A
The Apartment,0.0,0,"Mystery, Drama, Romance",8.3,"$18,600,000"
The Apartment,0.0,0,"Mystery, Drama, Romance",8.3,"$18,600,000"
The Apartment,0.0,0,"Mystery, Drama, Romance",8.3,"$18,600,000"
Love Affair,0.0,0,"Drama, Romance",7.3,N/A
Love Affair,0.0,0,"Drama, Romance",7.3,N/A
Love Affair,0.0,0,"Drama, Romance",7.3,N/A
Father of the Bride,89325780.0,0,"Comedy, Romance",6.6,"$89,325,780"
Father of the Bride,89325780.0,0,"Comedy, Romance",6.6,"$89,325,780"
Father of the Bride,89325780.0,0,"Comedy, Romance",6.6,"$89,325,780"
Jane Eyre,0.0,0,"Drama, Romance",7.3,"$11,242,660"
Jane Eyre,0.0,0,"Drama, Romance",7.3,"$11,242,660"
Jane Eyre,0.0,0,"Drama, Romance",7.3,"$11,242,660"
Nothing to Lose,0.0,25000000,"Action, Adventure, Comedy",6.7,"$44,480,039"
Nothing to Lose,0.0,25000000,"Action, Adventure, Comedy",6.7,"$44,480,039"
Nothing to Lose,0.0,25000000,"Action, Adventure, Comedy",6.7,"$44,480,039"
Little Women,0.0,0,"Drama, Family, Romance",7.8,"$108,101,214"
Little Women,0.0,0,"Drama, Family, Romance",7.8,"$108,101,214"
Beauty and the Beast,0.0,0,"Drama, Fantasy, Romance",8.0,"$218,967,620"
Beauty and the Beast,0.0,0,"Drama, Fantasy, Romance",8.0,"$218,967,620"
Beauty and the Beast,0.0,0,"Drama, Fantasy, Romance",8.0,"$218,967,620"
The Hunchback of Notre Dame,0.0,0,"Romance, Drama, Horror",7.0,"$100,138,851"
The Hunchback of Notre Dame,0.0,0,"Romance, Drama, Horror",7.0,"$100,138,851"
The Hunchback of Notre Dame,0.0,0,"Romance, Drama, Horror",7.0,"$100,138,851"
Diabolique,0.0,0,"Drama, Horror, Thriller",8.1,N/A
Diabolique,0.0,0,"Drama, Horror, Thriller",8.1,N/A
Diabolique,0.0,0,"Drama, Horror, Thriller",8.1,N/A
Jane Eyre,0.0,0,,7.3,"$11,242,660"
Jane Eyre,0.0,0,,7.3,"$11,242,660"
Jane Eyre,0.0,0,,7.3,"$11,242,660"
Ransom,0.0,0,"Action, Drama, Thriller",6.7,"$136,492,681"
Ransom,0.0,0,"Action, Drama, Thriller",6.7,"$136,492,681"
Ransom,0.0,0,"Action, Drama, Thriller",6.7,"$136,492,681"
Richard III,0.0,0,"Drama, History",7.3,"$2,684,904"
Richard III,0.0,0,"Drama, History",7.3,"$2,684,904"
Richard III,0.0,0,"Drama, History",7.3,"$2,684,904"
Twister,0.0,0,"Drama, Comedy",6.6,"$241,830,615"
Twister,0.0,0,"Drama, Comedy",6.6,"$241,830,615"
Twister,0.0,0,"Drama, Comedy",6.6,"$241,830,615"
The Getaway,58831997.0,3352254,"Action, Crime, Thriller",7.3,N/A
The Getaway,58831997.0,3352254,"Action, Crime, Thriller",7.3,N/A
The Getaway,58831997.0,3352254,"Action, Crime, Thriller",7.3,N/A
The Walking Dead,0.0,0,"Crime, Horror, Science Fiction",8.1,
The Walking Dead,0.0,0,"Crime, Horror, Science Fiction",8.1,
The Walking Dead,0.0,0,"Crime, Horror, Science Fiction",8.1,
Night of the Living Dead,5835247.0,4200000,Horror,7.8,"$236,452"
Night of the Living Dead,5835247.0,4200000,Horror,7.8,"$236,452"
The Maltese Falcon,0.0,0,"Crime, Mystery",7.9,"$18,180"
The Maltese Falcon,0.0,0,"Crime, Mystery",7.9,"$18,180"
The Maltese Falcon,0.0,0,"Crime, Mystery",7.9,"$18,180"
Flipper,0.0,0,"Adventure, Drama, Family",5.3,"$20,080,020"
Flipper,0.0,0,"Adventure, Drama, Family",5.3,"$20,080,020"
Flipper,0.0,0,"Adventure, Drama, Family",5.3,"$20,080,020"
Black Beauty,0.0,0,"Drama, Family",6.6,"$4,630,377"
Black Beauty,0.0,0,"Drama, Family",6.6,"$4,630,377"
Black Beauty,0.0,0,"Drama, Family",6.6,"$4,630,377"
The Hunchback of Notre Dame,0.0,0,"Drama, Horror",7.0,"$100,138,851"
The Hunchback of Notre Dame,0.0,0,"Drama, Horror",7.0,"$100,138,851"
The Hunchback of Notre Dame,0.0,0,"Drama, Horror",7.0,"$100,138,851"
Gaslight,0.0,0,"Thriller, Mystery",7.8,N/A
Gaslight,0.0,0,"Thriller, Mystery",7.8,N/A
Gaslight,0.0,0,"Thriller, Mystery",7.8,N/A
The Three Musketeers,0.0,0,"Romance, Action, Adventure, Drama",5.7,"$20,374,484"
The Three Musketeers,0.0,0,"Romance, Action, Adventure, Drama",5.7,"$20,374,484"
The Three Musketeers,0.0,0,"Romance, Action, Adventure, Drama",5.7,"$20,374,484"
The Secret Garden,0.0,0,"Drama, Family",7.3,"$31,181,347"
The Secret Garden,0.0,0,"Drama, Family",7.3,"$31,181,347"
The Secret Garden,0.0,0,"Drama, Family",7.3,"$31,181,347"
Batman,0.0,1377800,"Family, Adventure, Comedy, Science Fiction, Crime",7.5,"$251,409,241"
Batman,0.0,1377800,"Family, Adventure, Comedy, Science Fiction, Crime",7.5,"$251,409,241"
Bad Boys,9190819.0,0,"Crime, Drama, Thriller",6.8,"$65,807,024"
Bad Boys,9190819.0,0,"Crime, Drama, Thriller",6.8,"$65,807,024"
Bad Boys,9190819.0,0,"Crime, Drama, Thriller",6.8,"$65,807,024"
To Be or Not to Be,13030214.0,0,Comedy,8.1,"$3,270,000"
To Be or Not to Be,13030214.0,0,Comedy,8.1,"$3,270,000"
To Be or Not to Be,13030214.0,0,Comedy,8.1,"$3,270,000"
Bliss,660537.0,3400000,"Comedy, Drama, Romance",5.4,N/A
Bliss,660537.0,3400000,"Comedy, Drama, Romance",5.4,N/A
Bliss,660537.0,3400000,"Comedy, Drama, Romance",5.4,N/A
Target,0.0,0,"Drama, Action",5.9,"$9,023,199"
Target,0.0,0,"Drama, Action",5.9,"$9,023,199"
Target,0.0,0,"Drama, Action",5.9,"$9,023,199"
Nobody's Fool,0.0,0,"Comedy, Drama, Romance",7.3,"$39,491,975"
Nobody's Fool,0.0,0,"Comedy, Drama, Romance",7.3,"$39,491,975"
Emma,0.0,0,"TV Movie, Comedy, Drama, Romance",6.6,"$22,231,658"
Emma,0.0,0,"TV Movie, Comedy, Drama, Romance",6.6,"$22,231,658"
Emma,0.0,0,"TV Movie, Comedy, Drama, Romance",6.6,"$22,231,658"
Bad Boys,0.0,0,"Action, Drama, Comedy",6.8,"$65,807,024"
Bad Boys,0.0,0,"Action, Drama, Comedy",6.8,"$65,807,024"
Bad Boys,0.0,0,"Action, Drama, Comedy",6.8,"$65,807,024"
Man of the House,0.0,40000000,"Comedy, Action",5.5,"$19,699,706"
Man of the House,0.0,40000000,"Comedy, Action",5.5,"$19,699,706"
The Three Musketeers,0.0,0,"Action, Adventure, Comedy, Drama",5.7,"$20,374,484"
The Three Musketeers,0.0,0,"Action, Adventure, Comedy, Drama",5.7,"$20,374,484"
The Three Musketeers,0.0,0,"Action, Adventure, Comedy, Drama",5.7,"$20,374,484"
The Browning Version,0.0,0,Drama,8.0,N/A
The Promise,0.0,0,"Fantasy, Drama, Action, Thriller, Romance",6.1,"$8,224,288"
The Promise,0.0,0,"Fantasy, Drama, Action, Thriller, Romance",6.1,"$8,224,288"
The Promise,0.0,0,"Fantasy, Drama, Action, Thriller, Romance",6.1,"$8,224,288"
Kiss of Death,0.0,0,"Crime, Drama, Thriller",6.0,"$14,942,422"
Kiss of Death,0.0,0,"Crime, Drama, Thriller",6.0,"$14,942,422"
Kiss of Death,0.0,0,"Crime, Drama, Thriller",6.0,"$14,942,422"
Love in the Afternoon,0.0,0,"Drama, Romance",7.1,N/A
Love in the Afternoon,0.0,0,"Drama, Romance",7.1,N/A
Love in the Afternoon,0.0,0,"Drama, Romance",7.1,N/A
The Shaggy Dog,61112916.0,50000000,"Comedy, Family",4.4,"$61,123,569"
The Shaggy Dog,61112916.0,50000000,"Comedy, Family",4.4,"$61,123,569"
The Shaggy Dog,61112916.0,50000000,"Comedy, Family",4.4,"$61,123,569"
Mirage,0.0,0,"Mystery, Thriller",7.4,N/A
Mirage,0.0,0,"Mystery, Thriller",7.4,N/A
Mirage,0.0,0,"Mystery, Thriller",7.4,N/A
Fearless,6971266.0,0,"Drama, Action",7.6,"$24,633,730"
Fearless,6971266.0,0,"Drama, Action",7.6,"$24,633,730"
Fearless,6971266.0,0,"Drama, Action",7.6,"$24,633,730"
Mouth to Mouth,0.0,0,Drama,6.2,"$2,150"
Lassie,0.0,0,"Adventure, Drama, Family",5.8,"$9,979,683"
Lassie,0.0,0,"Adventure, Drama, Family",5.8,"$9,979,683"
Open Season,197309027.0,85000000,"Adventure, Animation, Family",6.1,"$85,105,259"
Open Season,197309027.0,85000000,"Adventure, Animation, Family",6.1,"$85,105,259"
Open Season,197309027.0,85000000,"Adventure, Animation, Family",6.1,"$85,105,259"
Man of the Year,41237648.0,20000000,"Comedy, Drama, Romance, Thriller",6.2,"$37,327,390"
Man of the Year,41237648.0,20000000,"Comedy, Drama, Romance, Thriller",6.2,"$37,327,390"
Man of the Year,41237648.0,20000000,"Comedy, Drama, Romance, Thriller",6.2,"$37,327,390"
Lost Horizon,0.0,12,"Adventure, Fantasy, Romance",7.6,N/A
Lost Horizon,0.0,12,"Adventure, Fantasy, Romance",7.6,N/A
Lost Horizon,0.0,12,"Adventure, Fantasy, Romance",7.6,N/A
Mad Love,0.0,0,"Comedy, Horror",5.3,"$15,453,274"
Mad Love,0.0,0,"Comedy, Horror",5.3,"$15,453,274"
Mad Love,0.0,0,"Comedy, Horror",5.3,"$15,453,274"
Wolf,0.0,0,Thriller,6.3,"$65,002,597"
Wolf,0.0,0,Thriller,6.3,"$65,002,597"
Wolf,0.0,0,Thriller,6.3,"$65,002,597"
Caught,0.0,0,"Drama, Thriller",7.0,N/A
Caught,0.0,0,"Drama, Thriller",7.0,N/A
Caught,0.0,0,"Drama, Thriller",7.0,N/A
Broken Arrow,0.0,0,Western,6.1,"$70,770,147"
Broken Arrow,0.0,0,Western,6.1,"$70,770,147"
Broken Arrow,0.0,0,Western,6.1,"$70,770,147"
Black Sheep,4947717.0,0,"Horror, Comedy",6.2,"$32,417,995"
The Fugitive,0.0,0,Western,7.8,"$183,875,760"
The Fugitive,0.0,0,Western,7.8,"$183,875,760"
The Fugitive,0.0,0,Western,7.8,"$183,875,760"
The Mark of Zorro,0.0,0,"Western, Adventure, Drama, Action, Romance",7.5,N/A
The Mark of Zorro,0.0,0,"Western, Adventure, Drama, Action, Romance",7.5,N/A
The Mark of Zorro,0.0,0,"Western, Adventure, Drama, Action, Romance",7.5,N/A
The Three Musketeers,0.0,1500000,"Action, Adventure, Romance",5.7,"$20,374,484"
The Three Musketeers,0.0,1500000,"Action, Adventure, Romance",5.7,"$20,374,484"
The Three Musketeers,0.0,1500000,"Action, Adventure, Romance",5.7,"$20,374,484"
August,0.0,0,Drama,5.3,"$12,636"
The Substitute,0.0,0,"Thriller, Comedy",6.1,"$14,818,176"
The Substitute,0.0,0,"Thriller, Comedy",6.1,"$14,818,176"
The Substitute,0.0,0,"Thriller, Comedy",6.1,"$14,818,176"
The Women,50007546.0,16000000,"Comedy, Drama, Romance",5.0,"$26,902,075"
The Women,50007546.0,16000000,"Comedy, Drama, Romance",5.0,"$26,902,075"
"20,000 Leagues Under the Sea",8000000.0,200000,"Adventure, Drama, Action, Science Fiction",7.2,N/A
"20,000 Leagues Under the Sea",8000000.0,200000,"Adventure, Drama, Action, Science Fiction",7.2,N/A
"20,000 Leagues Under the Sea",8000000.0,200000,"Adventure, Drama, Action, Science Fiction",7.2,N/A
Cinderella,0.0,0,"TV Movie, Family, Fantasy, Music, Romance",6.9,"$201,151,353"
Cinderella,0.0,0,"TV Movie, Family, Fantasy, Music, Romance",6.9,"$201,151,353"
Cinderella,0.0,0,"TV Movie, Family, Fantasy, Music, Romance",6.9,"$201,151,353"
Love,0.0,0,,6.1,"$249,083"
Love,0.0,0,,6.1,"$249,083"
Notorious,43051547.0,0,"Drama, Music",7.9,N/A
Notorious,43051547.0,0,"Drama, Music",7.9,N/A
Notorious,43051547.0,0,"Drama, Music",7.9,N/A
The Quick and the Dead,0.0,0,"Action, Drama, Western",6.5,"$18,636,537"
The Quick and the Dead,0.0,0,"Action, Drama, Western",6.5,"$18,636,537"
The Quick and the Dead,0.0,0,"Action, Drama, Western",6.5,"$18,636,537"
Chain Reaction,0.0,1066480,"Horror, Foreign",5.7,"$21,226,204"
Chain Reaction,0.0,1066480,"Horror, Foreign",5.7,"$21,226,204"
Chain Reaction,0.0,1066480,"Horror, Foreign",5.7,"$21,226,204"
The Time Traveler's Wife,101229792.0,39000000,"Drama, Romance, Fantasy",7.1,"$63,414,846"
The Time Traveler's Wife,101229792.0,39000000,"Drama, Romance, Fantasy",7.1,"$63,414,846"
The Time Traveler's Wife,101229792.0,39000000,"Drama, Romance, Fantasy",7.1,"$63,414,846"
The Three Musketeers,0.0,0,"Action, Adventure",5.7,"$20,374,484"
The Three Musketeers,0.0,0,"Action, Adventure",5.7,"$20,374,484"
The Three Musketeers,0.0,0,"Action, Adventure",5.7,"$20,374,484"
Giant,0.0,0,"Drama, Romance",7.6,"$32,855,818"
Giant,0.0,0,"Drama, Romance",7.6,"$32,855,818"
Reckless,0.0,0,"Drama, Romance, Comedy",7.0,
Reckless,0.0,0,"Drama, Romance, Comedy",7.0,
Heat,0.0,0,"Comedy, Drama",8.3,"$67,436,818"
Heat,0.0,0,"Comedy, Drama",8.3,"$67,436,818"
Heat,0.0,0,"Comedy, Drama",8.3,"$67,436,818"
Persuasion,0.0,0,"Drama, Romance",5.8,N/A
Persuasion,0.0,0,"Drama, Romance",5.8,N/A
A Farewell to Arms,25.0,4,"Drama, Romance, War",6.4,N/A
A Farewell to Arms,25.0,4,"Drama, Romance, War",6.4,N/A
A Farewell to Arms,25.0,4,"Drama, Romance, War",6.4,N/A
The Phantom,0.0,0,Drama,5.1,"$17,323,326"
The Phantom,0.0,0,Drama,5.1,"$17,323,326"
The Phantom,0.0,0,Drama,5.1,"$17,323,326"
Othello,0.0,0,Drama,6.8,"$2,844,379"
Othello,0.0,0,Drama,6.8,"$2,844,379"
The Island of Dr. Moreau,0.0,0,Science Fiction,4.6,"$27,663,982"
The Island of Dr. Moreau,0.0,0,Science Fiction,4.6,"$27,663,982"
The Island of Dr. Moreau,0.0,0,Science Fiction,4.6,"$27,663,982"
The Phantom,0.0,0,"Science Fiction, Action",5.1,"$17,323,326"
The Phantom,0.0,0,"Science Fiction, Action",5.1,"$17,323,326"
The Phantom,0.0,0,"Science Fiction, Action",5.1,"$17,323,326"
The Wizard of Oz,0.0,0,"Comedy, Family, Fantasy",8.1,"$24,668,669"
The Wizard of Oz,0.0,0,"Comedy, Family, Fantasy",8.1,"$24,668,669"
The Wizard of Oz,0.0,0,"Comedy, Family, Fantasy",8.1,"$24,668,669"
The Hamster Factor and Other Tales of Twelve Monkeys,0.0,0,Documentary,7.6,N/A
North,0.0,0,"Drama, Comedy, Foreign",4.5,"$7,182,747"
North,0.0,0,"Drama, Comedy, Foreign",4.5,"$7,182,747"
North,0.0,0,"Drama, Comedy, Foreign",4.5,"$7,182,747"
Party Girl,0.0,0,"Crime, Drama",6.5,"$472,370"
Party Girl,0.0,0,"Crime, Drama",6.5,"$472,370"
Party Girl,0.0,0,"Crime, Drama",6.5,"$472,370"
Fair Game,24188922.0,22000000,"Drama, Thriller",6.8,"$9,540,691"
Fair Game,24188922.0,22000000,"Drama, Thriller",6.8,"$9,540,691"
Fair Game,24188922.0,22000000,"Drama, Thriller",6.8,"$9,540,691"
Black Sheep,0.0,45000,"Comedy, Foreign",6.2,"$32,417,995"
Cops,0.0,0,Comedy,6.9,
Cops,0.0,0,Comedy,6.9,
Cops,0.0,0,Comedy,6.9,
Emma,0.0,0,"Romance, Comedy, Drama",6.6,"$22,231,658"
Emma,0.0,0,"Romance, Comedy, Drama",6.6,"$22,231,658"
Emma,0.0,0,"Romance, Comedy, Drama",6.6,"$22,231,658"
Emma,0.0,0,"Drama, Comedy, Romance",6.6,"$22,231,658"
Emma,0.0,0,"Drama, Comedy, Romance",6.6,"$22,231,658"
Emma,0.0,0,"Drama, Comedy, Romance",6.6,"$22,231,658"
Jane Eyre,34710627.0,0,"Drama, Romance",7.3,"$11,242,660"
Jane Eyre,34710627.0,0,"Drama, Romance",7.3,"$11,242,660"
Jane Eyre,34710627.0,0,"Drama, Romance",7.3,"$11,242,660"
Priest,78309131.0,60000000,"Action, Science Fiction, Fantasy, Thriller, Horror",5.7,"$29,137,000"
Priest,78309131.0,60000000,"Action, Science Fiction, Fantasy, Thriller, Horror",5.7,"$29,137,000"
Priest,78309131.0,60000000,"Action, Science Fiction, Fantasy, Thriller, Horror",5.7,"$29,137,000"
The Promise,0.0,0,"Drama, Romance",6.1,"$8,224,288"
The Promise,0.0,0,"Drama, Romance",6.1,"$8,224,288"
The Promise,0.0,0,"Drama, Romance",6.1,"$8,224,288"
Love,0.0,0,"Drama, Foreign",6.1,"$249,083"
Love,0.0,0,"Drama, Foreign",6.1,"$249,083"
Boys,0.0,0,Drama,7.4,N/A
Boys,0.0,0,Drama,7.4,N/A
Boys,0.0,0,Drama,7.4,N/A
Richard III,0.0,0,Drama,7.3,"$2,684,904"
Richard III,0.0,0,Drama,7.3,"$2,684,904"
Richard III,0.0,0,Drama,7.3,"$2,684,904"
Nothing Personal,0.0,0,Drama,7.0,N/A
Gigi,0.0,0,"Romance, Comedy",6.6,N/A
Gigi,0.0,0,"Romance, Comedy",6.6,N/A
Gigi,0.0,0,"Romance, Comedy",6.6,N/A
Pinocchio,0.0,0,,7.5,"$84,254,167"
Pinocchio,0.0,0,,7.5,"$84,254,167"
Pinocchio,0.0,0,,7.5,"$84,254,167"
The Three Musketeers,132274484.0,75000000,"Adventure, Action, Thriller",5.7,"$20,374,484"
The Three Musketeers,132274484.0,75000000,"Adventure, Action, Thriller",5.7,"$20,374,484"
The Three Musketeers,132274484.0,75000000,"Adventure, Action, Thriller",5.7,"$20,374,484"
Blown Away,0.0,0,"Drama, Romance, Thriller",6.2,"$30,156,002"
Blown Away,0.0,0,"Drama, Romance, Thriller",6.2,"$30,156,002"
Blown Away,0.0,0,"Drama, Romance, Thriller",6.2,"$30,156,002"
Mission: Impossible - Ghost Protocol,694713380.0,145000000,"Action, Thriller, Adventure",7.4,"$209,397,903"
Mission: Impossible - Ghost Protocol,694713380.0,145000000,"Action, Thriller, Adventure",7.4,"$209,397,903"
Mission: Impossible - Ghost Protocol,694713380.0,145000000,"Action, Thriller, Adventure",7.4,"$209,397,903"
The Three Musketeers,0.0,0,"Adventure, Action, Comedy",5.7,"$20,374,484"
The Three Musketeers,0.0,0,"Adventure, Action, Comedy",5.7,"$20,374,484"
The Three Musketeers,0.0,0,"Adventure, Action, Comedy",5.7,"$20,374,484"
The Cure,0.0,0,Comedy,7.7,"$2,568,425"
The Cure,0.0,0,Comedy,7.7,"$2,568,425"
The Scarlet Letter,0.0,0,"TV Movie, Drama",5.3,"$10,382,407"
The Scarlet Letter,0.0,0,"TV Movie, Drama",5.3,"$10,382,407"
The Scarlet Letter,0.0,0,"TV Movie, Drama",5.3,"$10,382,407"
The Scarlet Letter,0.0,0,"TV Movie, Drama",5.3,"$10,382,407"
Safe,40346186.0,30000000,"Action, Crime, Thriller",6.5,"$17,142,080"
Safe,40346186.0,30000000,"Action, Crime, Thriller",6.5,"$17,142,080"
Safe,40346186.0,30000000,"Action, Crime, Thriller",6.5,"$17,142,080"
Daylight,0.0,0,"Thriller, Horror",6.0,"$33,023,469"
Daylight,0.0,0,"Thriller, Horror",6.0,"$33,023,469"
Daylight,0.0,0,"Thriller, Horror",6.0,"$33,023,469"
The War,0.0,0,"Documentary, History, War",6.8,"$16,928,556"
The War,0.0,0,"Documentary, History, War",6.8,"$16,928,556"
The War,0.0,0,"Documentary, History, War",6.8,"$16,928,556"
The Firm,0.0,0,Drama,6.9,"$158,348,367"
The Firm,0.0,0,Drama,6.9,"$158,348,367"
The Firm,0.0,0,Drama,6.9,"$158,348,367"
Wild Bill,0.0,0,Drama,7.2,N/A
Wild Bill,0.0,0,Drama,7.2,N/A
Wild Bill,0.0,0,Drama,7.2,N/A
The Age of Innocence,0.0,0,"Drama, Romance",7.2,"$32,255,440"
The Age of Innocence,0.0,0,"Drama, Romance",7.2,"$32,255,440"
Bed of Roses,0.0,0,"Comedy, Drama, Romance",6.1,"$19,030,691"
Bed of Roses,0.0,0,"Comedy, Drama, Romance",6.1,"$19,030,691"
Honeymoon,0.0,0,Comedy,5.7,"$9,318"
Honeymoon,0.0,0,Comedy,5.7,"$9,318"
Honeymoon,0.0,0,Comedy,5.7,"$9,318"
Les Miserables,0.0,0,"Drama, Romance",7.3,N/A
Les Miserables,0.0,0,"Drama, Romance",7.3,N/A
The Visitors,0.0,0,"Drama, Crime, Thriller",7.0,"$659,810"
The Visitors,0.0,0,"Drama, Crime, Thriller",7.0,"$659,810"
The Substitute,0.0,0,"Drama, Thriller",6.1,"$14,818,176"
The Substitute,0.0,0,"Drama, Thriller",6.1,"$14,818,176"
The Substitute,0.0,0,"Drama, Thriller",6.1,"$14,818,176"
Loaded,0.0,0,"Action, Crime, Drama, Thriller",4.5,N/A
Loaded,0.0,0,"Action, Crime, Drama, Thriller",4.5,N/A
Loaded,0.0,0,"Action, Crime, Drama, Thriller",4.5,N/A
"20,000 Leagues Under the Sea",0.0,0,"Adventure, Fantasy, Action, Science Fiction",7.2,N/A
"20,000 Leagues Under the Sea",0.0,0,"Adventure, Fantasy, Action, Science Fiction",7.2,N/A
"20,000 Leagues Under the Sea",0.0,0,"Adventure, Fantasy, Action, Science Fiction",7.2,N/A
Bliss,0.0,0,Drama,5.4,N/A
Bliss,0.0,0,Drama,5.4,N/A
Bliss,0.0,0,Drama,5.4,N/A
Foxfire,0.0,0,Drama,6.1,"$269,300"
Foxfire,0.0,0,Drama,6.1,"$269,300"
Much Ado About Nothing,0.0,0,Comedy,7.3,"$22,549,338"
Much Ado About Nothing,0.0,0,Comedy,7.3,"$22,549,338"
Much Ado About Nothing,0.0,0,Comedy,7.3,"$22,549,338"
Bad Girls,0.0,0,Comedy,5.2,"$15,240,435"
Bad Girls,0.0,0,Comedy,5.2,"$15,240,435"
Bad Girls,0.0,0,Comedy,5.2,"$15,240,435"
Othello,0.0,0,,6.8,"$2,844,379"
Othello,0.0,0,,6.8,"$2,844,379"
Love,0.0,500000,"Drama, Science Fiction",6.1,"$249,083"
Love,0.0,500000,"Drama, Science Fiction",6.1,"$249,083"
August,0.0,1203000,Drama,5.3,"$12,636"
The Scarlet Letter,0.0,0,"Drama, Foreign",5.3,"$10,382,407"
The Scarlet Letter,0.0,0,"Drama, Foreign",5.3,"$10,382,407"
The Scarlet Letter,0.0,0,"Drama, Foreign",5.3,"$10,382,407"
The Scarlet Letter,0.0,0,"Drama, Foreign",5.3,"$10,382,407"
Solo,0.0,0,Thriller,4.1,"$5,107,669"
Solo,0.0,0,Thriller,4.1,"$5,107,669"
Solo,0.0,0,Thriller,4.1,"$5,107,669"
Caught,0.0,0,"Action, Crime, Drama",7.0,N/A
Caught,0.0,0,"Action, Crime, Drama",7.0,N/A
Caught,0.0,0,"Action, Crime, Drama",7.0,N/A
Fear,0.0,0,"Horror, Thriller",6.2,"$20,831,000"
Fear,0.0,0,"Horror, Thriller",6.2,"$20,831,000"
Daylight,0.0,0,"Drama, Action, Thriller",6.0,"$33,023,469"
Daylight,0.0,0,"Drama, Action, Thriller",6.0,"$33,023,469"
Daylight,0.0,0,"Drama, Action, Thriller",6.0,"$33,023,469"
Wolf,0.0,0,"Drama, Thriller, Crime",6.3,"$65,002,597"
Wolf,0.0,0,"Drama, Thriller, Crime",6.3,"$65,002,597"
Wolf,0.0,0,"Drama, Thriller, Crime",6.3,"$65,002,597"
Junior,0.0,8358460,Comedy,4.8,"$36,763,355"
Junior,0.0,8358460,Comedy,4.8,"$36,763,355"
Junior,0.0,8358460,Comedy,4.8,"$36,763,355"
Angels in the Outfield,0.0,0,"Comedy, Family, Fantasy",6.2,"$50,236,831"
Angels in the Outfield,0.0,0,"Comedy, Family, Fantasy",6.2,"$50,236,831"
Angels in the Outfield,0.0,0,"Comedy, Family, Fantasy",6.2,"$50,236,831"
Beauty and the Beast,0.0,0,,8.0,"$218,967,620"
Beauty and the Beast,0.0,0,,8.0,"$218,967,620"
Beauty and the Beast,0.0,0,,8.0,"$218,967,620"
Beauty and the Beast,0.0,0,Fantasy,8.0,"$218,967,620"
Beauty and the Beast,0.0,0,Fantasy,8.0,"$218,967,620"
Beauty and the Beast,0.0,0,Fantasy,8.0,"$218,967,620"
Beauty and the Beast,49100000.0,33000000,"Fantasy, Romance",8.0,"$218,967,620"
Beauty and the Beast,49100000.0,33000000,"Fantasy, Romance",8.0,"$218,967,620"
Beauty and the Beast,49100000.0,33000000,"Fantasy, Romance",8.0,"$218,967,620"
Mad Love,0.0,0,Drama,5.3,"$15,453,274"
Mad Love,0.0,0,Drama,5.3,"$15,453,274"
Mad Love,0.0,0,Drama,5.3,"$15,453,274"
Cinderella,0.0,0,"Fantasy, Drama",6.9,"$201,151,353"
Cinderella,0.0,0,"Fantasy, Drama",6.9,"$201,151,353"
Cinderella,0.0,0,"Fantasy, Drama",6.9,"$201,151,353"
Cinderella,0.0,0,"Animation, Family, Fantasy",6.9,"$201,151,353"
Cinderella,0.0,0,"Animation, Family, Fantasy",6.9,"$201,151,353"
Cinderella,0.0,0,"Animation, Family, Fantasy",6.9,"$201,151,353"
August,0.0,0,Drama,5.3,"$12,636"
Honeymoon,9318.0,1000000,Horror,5.7,"$9,318"
Honeymoon,9318.0,1000000,Horror,5.7,"$9,318"
Honeymoon,9318.0,1000000,Horror,5.7,"$9,318"
"20,000 Leagues Under the Sea",0.0,0,"Adventure, Action, Science Fiction",7.2,N/A
"20,000 Leagues Under the Sea",0.0,0,"Adventure, Action, Science Fiction",7.2,N/A
"20,000 Leagues Under the Sea",0.0,0,"Adventure, Action, Science Fiction",7.2,N/A
Target,73000.0,0,"Fantasy, Drama",5.9,"$9,023,199"
Target,73000.0,0,"Fantasy, Drama",5.9,"$9,023,199"
Target,73000.0,0,"Fantasy, Drama",5.9,"$9,023,199"
Heavyweights,0.0,0,Comedy,6.6,"$17,689,177"
Heavyweights,0.0,0,Comedy,6.6,"$17,689,177"
Heavyweights,0.0,0,Comedy,6.6,"$17,689,177"
Stalingrad,68129518.0,30000000,"War, Action",7.5,"$152,972"
Stalingrad,68129518.0,30000000,"War, Action",7.5,"$152,972"
The 39 Steps,0.0,0,"Thriller, Mystery, Adventure",7.6,N/A
The 39 Steps,0.0,0,"Thriller, Mystery, Adventure",7.6,N/A
The 39 Steps,0.0,0,"Thriller, Mystery, Adventure",7.6,N/A
Manny,0.0,0,"Documentary, Drama",7.1,N/A
Manny,0.0,0,"Documentary, Drama",7.1,N/A
Manny,0.0,0,"Documentary, Drama",7.1,N/A
Mr. Jones,0.0,0,"Horror, Thriller, Drama",6.9,N/A
Mr. Jones,0.0,0,"Horror, Thriller, Drama",6.9,N/A
Mr. Jones,0.0,0,"Horror, Thriller, Drama",6.9,N/A
Aladdin,0.0,0,"Action, Adventure, Comedy, Fantasy",8.0,"$217,350,219"
Aladdin,0.0,0,"Action, Adventure, Comedy, Fantasy",8.0,"$217,350,219"
Aladdin,0.0,0,"Action, Adventure, Comedy, Fantasy",8.0,"$217,350,219"
Eye for an Eye,0.0,0,,6.2,"$26,877,589"
Eye for an Eye,0.0,0,,6.2,"$26,877,589"
Eye for an Eye,0.0,0,,6.2,"$26,877,589"
Fear,0.0,0,Thriller,6.2,"$20,831,000"
Fear,0.0,0,Thriller,6.2,"$20,831,000"
Little Lord Fauntleroy,0.0,0,"TV Movie, Family, Drama",7.4,N/A
Little Lord Fauntleroy,0.0,0,"TV Movie, Family, Drama",7.4,N/A
Little Lord Fauntleroy,0.0,0,"TV Movie, Family, Drama",7.4,N/A
The Underneath,0.0,0,"Horror, Thriller, Science Fiction",6.1,"$536,023"
The Underneath,0.0,0,"Horror, Thriller, Science Fiction",6.1,"$536,023"
The 39 Steps,0.0,0,"Adventure, Drama, Action, Comedy, Thriller, Crime",7.6,N/A
The 39 Steps,0.0,0,"Adventure, Drama, Action, Comedy, Thriller, Crime",7.6,N/A
The 39 Steps,0.0,0,"Adventure, Drama, Action, Comedy, Thriller, Crime",7.6,N/A
Stalingrad,0.0,0,"War, Drama, History",7.5,"$152,972"
Stalingrad,0.0,0,"War, Drama, History",7.5,"$152,972"
"Cry, the Beloved Country",0.0,0,Drama,6.8,"$670,727"
"Cry, the Beloved Country",0.0,0,Drama,6.8,"$670,727"
Love,0.0,0,"Drama, Romance",6.1,"$249,083"
Love,0.0,0,"Drama, Romance",6.1,"$249,083"
I Love Trouble,0.0,0,"Crime, Drama",5.3,"$30,806,194"
I Love Trouble,0.0,0,"Crime, Drama",5.3,"$30,806,194"
I Love Trouble,0.0,0,"Crime, Drama",5.3,"$30,806,194"
The Mask,0.0,0,"Horror, Thriller",7.0,"$119,938,730"
The Mask,0.0,0,"Horror, Thriller",7.0,"$119,938,730"
The Mask,0.0,0,"Horror, Thriller",7.0,"$119,938,730"
Last Man Standing,0.0,0,"Drama, Action, Thriller",6.4,"$18,115,927"
Last Man Standing,0.0,0,"Drama, Action, Thriller",6.4,"$18,115,927"
Last Man Standing,0.0,0,"Drama, Action, Thriller",6.4,"$18,115,927"
Pinocchio,0.0,0,Animation,7.5,"$84,254,167"
Pinocchio,0.0,0,Animation,7.5,"$84,254,167"
Pinocchio,0.0,0,Animation,7.5,"$84,254,167"
Party Girl,472370.0,0,Drama,6.5,"$472,370"
Party Girl,472370.0,0,Drama,6.5,"$472,370"
Party Girl,472370.0,0,Drama,6.5,"$472,370"
Naked,0.0,0,Comedy,7.7,"$1,769,305"
Naked,0.0,0,Comedy,7.7,"$1,769,305"
Sense and Sensibility,0.0,0,Drama,7.7,"$43,436,071"
Sense and Sensibility,0.0,0,Drama,7.7,"$43,436,071"
Cinderella,0.0,0,"Family, TV Movie",6.9,"$201,151,353"
Cinderella,0.0,0,"Family, TV Movie",6.9,"$201,151,353"
Cinderella,0.0,0,"Family, TV Movie",6.9,"$201,151,353"
Cinderella,543514353.0,95000000,"Romance, Fantasy, Family, Drama",6.9,"$201,151,353"
Cinderella,543514353.0,95000000,"Romance, Fantasy, Family, Drama",6.9,"$201,151,353"
Cinderella,543514353.0,95000000,"Romance, Fantasy, Family, Drama",6.9,"$201,151,353"
Boys,0.0,0,Drama,7.4,N/A
Boys,0.0,0,Drama,7.4,N/A
Boys,0.0,0,Drama,7.4,N/A
Beauty and the Beast,0.0,0,"Music, Romance, Family",8.0,"$218,967,620"
Beauty and the Beast,0.0,0,"Music, Romance, Family",8.0,"$218,967,620"
Beauty and the Beast,0.0,0,"Music, Romance, Family",8.0,"$218,967,620"
Heat,0.0,0,"Action, Drama, Thriller",8.3,"$67,436,818"
Heat,0.0,0,"Action, Drama, Thriller",8.3,"$67,436,818"
Heat,0.0,0,"Action, Drama, Thriller",8.3,"$67,436,818"
It Takes Two,0.0,0,"Comedy, Romance",6.0,"$19,474,589"
It Takes Two,0.0,0,"Comedy, Romance",6.0,"$19,474,589"
It Takes Two,0.0,0,"Comedy, Romance",6.0,"$19,474,589"
Beauty and the Beast,0.0,0,"Drama, Fantasy, Horror, Romance",8.0,"$218,967,620"
Beauty and the Beast,0.0,0,"Drama, Fantasy, Horror, Romance",8.0,"$218,967,620"
Beauty and the Beast,0.0,0,"Drama, Fantasy, Horror, Romance",8.0,"$218,967,620"
Loaded,0.0,0,"Comedy, Drama",4.5,N/A
Loaded,0.0,0,"Comedy, Drama",4.5,N/A
Loaded,0.0,0,"Comedy, Drama",4.5,N/A
Bad Boys,0.0,0,Documentary,6.8,"$65,807,024"
Bad Boys,0.0,0,Documentary,6.8,"$65,807,024"
Bad Boys,0.0,0,Documentary,6.8,"$65,807,024"
For Love or Money,5600000.0,0,Romance,6.2,"$11,146,270"
For Love or Money,5600000.0,0,Romance,6.2,"$11,146,270"
For Love or Money,5600000.0,0,Romance,6.2,"$11,146,270"
Matilda,0.0,0,"Comedy, Crime, Family",7.0,"$33,459,416"
Matilda,0.0,0,"Comedy, Crime, Family",7.0,"$33,459,416"
Matilda,0.0,0,"Comedy, Crime, Family",7.0,"$33,459,416"
Underground,0.0,0,Documentary,8.0,"$171,082"
Underground,0.0,0,Documentary,8.0,"$171,082"
Underground,0.0,0,Documentary,8.0,"$171,082"
Solo,0.0,0,"Drama, War",4.1,"$5,107,669"
Solo,0.0,0,"Drama, War",4.1,"$5,107,669"
Solo,0.0,0,"Drama, War",4.1,"$5,107,669"
Bulletproof,807947.0,5000000,"Action, Thriller",5.8,"$21,576,954"
Bulletproof,807947.0,5000000,"Action, Thriller",5.8,"$21,576,954"
Bulletproof,807947.0,5000000,"Action, Thriller",5.8,"$21,576,954"
Bound,0.0,0,"Thriller, Drama",7.3,"$3,802,260"
Bound,0.0,0,"Thriller, Drama",7.3,"$3,802,260"
The Jungle Book,966550600.0,175000000,"Family, Adventure, Drama, Fantasy",7.3,"$364,001,123"
The Jungle Book,966550600.0,175000000,"Family, Adventure, Drama, Fantasy",7.3,"$364,001,123"
The Jungle Book,966550600.0,175000000,"Family, Adventure, Drama, Fantasy",7.3,"$364,001,123"
The Show,0.0,0,"Crime, Drama",5.6,N/A
The Show,0.0,0,"Crime, Drama",5.6,N/A
The Substitute,0.0,0,"Comedy, Animation",6.1,"$14,818,176"
The Substitute,0.0,0,"Comedy, Animation",6.1,"$14,818,176"
The Substitute,0.0,0,"Comedy, Animation",6.1,"$14,818,176"
Love,249083.0,3000000,"Drama, Romance",6.1,"$249,083"
Love,249083.0,3000000,"Drama, Romance",6.1,"$249,083"
The Escort,0.0,0,"Drama, Comedy, Romance",6.0,N/A
The Escort,0.0,0,"Drama, Comedy, Romance",6.0,N/A
The Escort,0.0,0,"Drama, Comedy, Romance",6.0,N/A
No Escape,54418872.0,5000000,"Action, Thriller",6.8,"$27,288,872"
No Escape,54418872.0,5000000,"Action, Thriller",6.8,"$27,288,872"
The Program,3286448.0,0,Drama,6.5,"$13,074"
The Program,3286448.0,0,Drama,6.5,"$13,074"
The Program,3286448.0,0,Drama,6.5,"$13,074"
Home for the Holidays,0.0,0,"Horror, Thriller, TV Movie",6.6,"$17,519,169"
Home for the Holidays,0.0,0,"Horror, Thriller, TV Movie",6.6,"$17,519,169"
Home for the Holidays,0.0,0,"Horror, Thriller, TV Movie",6.6,"$17,519,169"
The Client,0.0,0,"Drama, Thriller",6.7,"$92,115,211"
The Client,0.0,0,"Drama, Thriller",6.7,"$92,115,211"
The Client,0.0,0,"Drama, Thriller",6.7,"$92,115,211"
Cinderella,0.0,0,"Comedy, Family, Fantasy",6.9,"$201,151,353"
Cinderella,0.0,0,"Comedy, Family, Fantasy",6.9,"$201,151,353"
Cinderella,0.0,0,"Comedy, Family, Fantasy",6.9,"$201,151,353"
Underground,0.0,0,Drama,8.0,"$171,082"
Underground,0.0,0,Drama,8.0,"$171,082"
Underground,0.0,0,Drama,8.0,"$171,082"
Wolf,0.0,0,"Drama, Action, Adventure",6.3,"$65,002,597"
Wolf,0.0,0,"Drama, Action, Adventure",6.3,"$65,002,597"
Wolf,0.0,0,"Drama, Action, Adventure",6.3,"$65,002,597"
The Visitors,0.0,0,Horror,7.0,"$659,810"
The Visitors,0.0,0,Horror,7.0,"$659,810"
Ghost,9833553.0,0,"Mystery, Drama, Fantasy",7.1,"$217,631,306"
Ghost,9833553.0,0,"Mystery, Drama, Fantasy",7.1,"$217,631,306"
Ghost,9833553.0,0,"Mystery, Drama, Fantasy",7.1,"$217,631,306"
Spellbound,0.0,0,"Horror, Romance, Comedy",7.5,N/A
Spellbound,0.0,0,"Horror, Romance, Comedy",7.5,N/A
Spellbound,0.0,0,"Horror, Romance, Comedy",7.5,N/A
Cinderella,0.0,0,"Drama, Romance",6.9,"$201,151,353"
Cinderella,0.0,0,"Drama, Romance",6.9,"$201,151,353"
Cinderella,0.0,0,"Drama, Romance",6.9,"$201,151,353"
Cinderella,0.0,0,,6.9,"$201,151,353"
Cinderella,0.0,0,,6.9,"$201,151,353"
Cinderella,0.0,0,,6.9,"$201,151,353"
The Love Bug,0.0,0,"Fantasy, Adventure, Comedy, Family",6.5,"$51,264,000"
The Love Bug,0.0,0,"Fantasy, Adventure, Comedy, Family",6.5,"$51,264,000"
The Love Bug,0.0,0,"Fantasy, Adventure, Comedy, Family",6.5,"$51,264,000"
Fluke,0.0,0,Comedy,6.6,"$3,987,768"
Fluke,0.0,0,Comedy,6.6,"$3,987,768"
Fluke,0.0,0,Comedy,6.6,"$3,987,768"
Stonewall,187674.0,13500000,Drama,5.4,"$187,674"
Stonewall,187674.0,13500000,Drama,5.4,"$187,674"
Caught,0.0,0,Thriller,7.0,N/A
Caught,0.0,0,Thriller,7.0,N/A
Caught,0.0,0,Thriller,7.0,N/A
Pie in the Sky,0.0,0,,7.7,
Pie in the Sky,0.0,0,,7.7,
Pie in the Sky,0.0,0,,7.7,
Fear,0.0,0,Documentary,6.2,"$20,831,000"
Fear,0.0,0,Documentary,6.2,"$20,831,000"
The Phantom,0.0,0,"Horror, Drama",5.1,"$17,323,326"
The Phantom,0.0,0,"Horror, Drama",5.1,"$17,323,326"
The Phantom,0.0,0,"Horror, Drama",5.1,"$17,323,326"
Ghost,0.0,0,Horror,7.1,"$217,631,306"
Ghost,0.0,0,Horror,7.1,"$217,631,306"
Ghost,0.0,0,Horror,7.1,"$217,631,306"
Two Friends,0.0,0,"Drama, Romance, Comedy",5.9,N/A
Two Friends,0.0,0,"Drama, Romance, Comedy",5.9,N/A
Two Friends,0.0,0,"Drama, Romance, Comedy",5.9,N/A
The Mask,0.0,0,,7.0,"$119,938,730"
The Mask,0.0,0,,7.0,"$119,938,730"
The Mask,0.0,0,,7.0,"$119,938,730"
The Net,0.0,0,Documentary,6.0,"$50,727,965"
The Net,0.0,0,Documentary,6.0,"$50,727,965"
The Net,0.0,0,Documentary,6.0,"$50,727,965"
Lamerica,0.0,0,,7.4,"$438,483"
Lamerica,0.0,0,,7.4,"$438,483"
Restoration,0.0,0,Horror,6.6,"$4,005,941"
Restoration,0.0,0,Horror,6.6,"$4,005,941"
Restoration,0.0,0,Horror,6.6,"$4,005,941"
Fresh,0.0,412000,Documentary,6.7,N/A
Fresh,0.0,412000,Documentary,6.7,N/A
Fresh,0.0,412000,Documentary,6.7,N/A
Jack,0.0,0,,5.8,"$58,620,973"
Jack,0.0,0,,5.8,"$58,620,973"
Jack,0.0,0,,5.8,"$58,620,973"
Jack,0.0,0,,5.8,"$58,620,973"
Jack,0.0,0,,5.8,"$58,620,973"
Jack,0.0,0,,5.8,"$58,620,973"
Pollyanna,0.0,0,"Drama, Family",7.4,N/A
Pollyanna,0.0,0,"Drama, Family",7.4,N/A
Pollyanna,0.0,0,"Drama, Family",7.4,N/A
Mad Love,0.0,0,"Drama, Romance",5.3,"$15,453,274"
Mad Love,0.0,0,"Drama, Romance",5.3,"$15,453,274"
Mad Love,0.0,0,"Drama, Romance",5.3,"$15,453,274"
Fair Game,0.0,0,"Action, Horror, Thriller",6.8,"$9,540,691"
Fair Game,0.0,0,"Action, Horror, Thriller",6.8,"$9,540,691"
Fair Game,0.0,0,"Action, Horror, Thriller",6.8,"$9,540,691"
Friday,0.0,0,Comedy,7.2,"$27,467,564"
Friday,0.0,0,Comedy,7.2,"$27,467,564"
Honeymoon,0.0,0,Drama,5.7,"$9,318"
Honeymoon,0.0,0,Drama,5.7,"$9,318"
Honeymoon,0.0,0,Drama,5.7,"$9,318"
Jack,0.0,0,Drama,5.8,"$58,620,973"
Jack,0.0,0,Drama,5.8,"$58,620,973"
Jack,0.0,0,Drama,5.8,"$58,620,973"
Jack,0.0,0,Drama,5.8,"$58,620,973"
Jack,0.0,0,Drama,5.8,"$58,620,973"
Jack,0.0,0,Drama,5.8,"$58,620,973"
Naked,0.0,0,Documentary,7.7,"$1,769,305"
Naked,0.0,0,Documentary,7.7,"$1,769,305"
The Promise,0.0,0,"History, Romance, Drama",6.1,"$8,224,288"
The Promise,0.0,0,"History, Romance, Drama",6.1,"$8,224,288"
The Promise,0.0,0,"History, Romance, Drama",6.1,"$8,224,288"
Sense and Sensibility,0.0,0,"Romance, Drama",7.7,"$43,436,071"
Sense and Sensibility,0.0,0,"Romance, Drama",7.7,"$43,436,071"
Jane Eyre,0.0,0,"Drama, Romance",7.3,"$11,242,660"
Jane Eyre,0.0,0,"Drama, Romance",7.3,"$11,242,660"
Jane Eyre,0.0,0,"Drama, Romance",7.3,"$11,242,660"
Persuasion,0.0,0,,5.8,N/A
Persuasion,0.0,0,,5.8,N/A
Emma,0.0,0,,6.6,"$22,231,658"
Emma,0.0,0,,6.6,"$22,231,658"
Emma,0.0,0,,6.6,"$22,231,658"
Escape to Witch Mountain,0.0,0,"Adventure, Family, Fantasy",6.3,"$20,000,000"
Escape to Witch Mountain,0.0,0,"Adventure, Family, Fantasy",6.3,"$20,000,000"
Escape to Witch Mountain,0.0,0,"Adventure, Family, Fantasy",6.3,"$20,000,000"
Something to Sing About,0.0,0,"Music, Drama",6.2,N/A
Something to Sing About,0.0,0,"Music, Drama",6.2,N/A
Sense and Sensibility,0.0,0,,7.7,"$43,436,071"
Sense and Sensibility,0.0,0,,7.7,"$43,436,071"
Cinderella,0.0,0,"Fantasy, Horror, Science Fiction, Family",6.9,"$201,151,353"
Cinderella,0.0,0,"Fantasy, Horror, Science Fiction, Family",6.9,"$201,151,353"
Cinderella,0.0,0,"Fantasy, Horror, Science Fiction, Family",6.9,"$201,151,353"
Screamers,0.0,0,"Documentary, Foreign",6.3,"$5,711,695"
Screamers,0.0,0,"Documentary, Foreign",6.3,"$5,711,695"
Screamers,0.0,0,"Documentary, Foreign",6.3,"$5,711,695"
The Secret Garden,0.0,0,"TV Movie, Drama, Family",7.3,"$31,181,347"
The Secret Garden,0.0,0,"TV Movie, Drama, Family",7.3,"$31,181,347"
The Secret Garden,0.0,0,"TV Movie, Drama, Family",7.3,"$31,181,347"
Rear Window,0.0,0,"Drama, Thriller, TV Movie",8.5,"$37,622,343"
Rear Window,0.0,0,"Drama, Thriller, TV Movie",8.5,"$37,622,343"
Rear Window,0.0,0,"Drama, Thriller, TV Movie",8.5,"$37,622,343"
20th Century Women,5816211.0,7000000,Drama,7.3,"$5,664,764"
20th Century Women,5816211.0,7000000,Drama,7.3,"$5,664,764"
The Man Without a Face,0.0,0,"Crime, Drama, Horror",6.7,"$24,760,338"
The Phantom,0.0,0,Action,5.1,"$17,323,326"
The Phantom,0.0,0,Action,5.1,"$17,323,326"
The Phantom,0.0,0,Action,5.1,"$17,323,326"
For Love or Money,0.0,0,,6.2,"$11,146,270"
For Love or Money,0.0,0,,6.2,"$11,146,270"
For Love or Money,0.0,0,,6.2,"$11,146,270"
Beauty and the Beast,1262886337.0,160000000,"Family, Fantasy, Romance",8.0,"$218,967,620"
Beauty and the Beast,1262886337.0,160000000,"Family, Fantasy, Romance",8.0,"$218,967,620"
Beauty and the Beast,1262886337.0,160000000,"Family, Fantasy, Romance",8.0,"$218,967,620"
Ghost in the Shell,169801921.0,110000000,"Action, Science Fiction, Thriller",6.3,"$40,563,557"
Ghost in the Shell,169801921.0,110000000,"Action, Science Fiction, Thriller",6.3,"$40,563,557"
Ghost in the Shell,169801921.0,110000000,"Action, Science Fiction, Thriller",6.3,"$40,563,557"
Junior,0.0,0,Documentary,4.8,"$36,763,355"
Junior,0.0,0,Documentary,4.8,"$36,763,355"
Junior,0.0,0,Documentary,4.8,"$36,763,355"
Unforgettable,17768012.0,12000000,"Drama, Thriller",6.8,
Unforgettable,17768012.0,12000000,"Drama, Thriller",6.8,
Unforgettable,17768012.0,12000000,"Drama, Thriller",6.8,
Much Ado About Nothing,0.0,0,Drama,7.3,"$22,549,338"
Much Ado About Nothing,0.0,0,Drama,7.3,"$22,549,338"
Much Ado About Nothing,0.0,0,Drama,7.3,"$22,549,338"
Ghost,3300000.0,0,"Family, Comedy",7.1,"$217,631,306"
Ghost,3300000.0,0,"Family, Comedy",7.1,"$217,631,306"
Ghost,3300000.0,0,"Family, Comedy",7.1,"$217,631,306"
Picnic,0.0,0,"Foreign, Drama, Fantasy",7.0,N/A
Picnic,0.0,0,"Foreign, Drama, Fantasy",7.0,N/A
Girls Town,0.0,0,Drama,3.8,N/A
Girls Town,0.0,0,Drama,3.8,N/A
Girls Town,0.0,0,Drama,3.8,N/A
Butterfly Kiss,0.0,0,"Action, Romance, Crime",6.3,"$87,626"
Butterfly Kiss,0.0,0,"Action, Romance, Crime",6.3,"$87,626"
Butterfly Kiss,0.0,0,"Action, Romance, Crime",6.3,"$87,626"
The Promise,0.0,300000,"Crime, Documentary",6.1,"$8,224,288"
The Promise,0.0,300000,"Crime, Documentary",6.1,"$8,224,288"
The Promise,0.0,300000,"Crime, Documentary",6.1,"$8,224,288"
A Little Princess,0.0,0,"Drama, Family",7.6,"$10,015,449"
A Little Princess,0.0,0,"Drama, Family",7.6,"$10,015,449"
A Little Princess,0.0,0,"Drama, Family",7.6,"$10,015,449"
Jane Eyre,0.0,0,"TV Movie, Drama, Romance",7.3,"$11,242,660"
Jane Eyre,0.0,0,"TV Movie, Drama, Romance",7.3,"$11,242,660"
Jane Eyre,0.0,0,"TV Movie, Drama, Romance",7.3,"$11,242,660"
Mirage,0.0,0,Drama,7.4,N/A
Mirage,0.0,0,Drama,7.4,N/A
Mirage,0.0,0,Drama,7.4,N/A
Love,0.0,0,Drama,6.1,"$249,083"
Love,0.0,0,Drama,6.1,"$249,083"
Cinderella,0.0,0,"Comedy, Romance",6.9,"$201,151,353"
Cinderella,0.0,0,"Comedy, Romance",6.9,"$201,151,353"
Cinderella,0.0,0,"Comedy, Romance",6.9,"$201,151,353"
